Timestamp,EAR,MOR,Tilt Angle,PERCLOS,FOM,Fatigue,Obstructed
2024-12-05 05:02:01,0.32,0.00,0.28,0,94.13467137373642,No Fatigue,No
2024-12-05 05:02:02,0.28,0.00,0.27,0,88.60281897270363,No Fatigue,No
2024-12-05 05:02:03,0.27,0.00,0.46,1,89.3414568224364,No Fatigue,No
2024-12-05 05:02:04,0.25,3.33,0.55,2,90.6510603802295,No Fatigue,No
2024-12-05 05:02:05,0.25,3.33,Obstructed,3,91.45021629093343,Hand Covering Mouth,Yes
2024-12-05 05:02:06,0.24,6.67,Obstructed,3,95.1944289077348,Hand Covering Mouth,Yes
2024-12-05 05:02:07,0.24,13.33,Obstructed,3,99.59313426273035,Hand Covering Mouth,Yes
2024-12-05 05:02:08,0.25,36.67,0.33,4,88.76802259736027,No Fatigue,No
2024-12-05 05:02:09,0.26,26.67,0.26,4,88.72696997994329,No Fatigue,No
2024-12-05 05:02:10,0.24,23.33,0.27,4,90.0,No Fatigue,No
2024-12-05 05:02:11,0.30,26.67,0.26,4,90.66619997018314,No Fatigue,No
2024-12-05 05:02:12,0.31,10.00,0.28,4,86.14319901441017,No Fatigue,No
2024-12-05 08:24:51,0.36,0.00,0.37,0,112.30620505490764,No Fatigue,No
2024-12-05 08:24:52,0.25,0.00,0.35,1,92.75910765862028,No Fatigue,No
2024-12-05 08:24:53,0.25,37.04,0.34,1,93.94518622903756,No Fatigue,No
2024-12-05 08:24:54,0.23,46.67,0.26,2,115.13295499291334,No Fatigue,No
2024-12-05 08:24:55,0.27,43.33,0.25,2,96.70983680775694,No Fatigue,No
2024-12-05 08:24:56,0.17,33.33,0.25,2,88.60281897270363,No Fatigue,No
2024-12-05 08:24:57,0.34,56.67,0.41,3,110.94265054998827,No Fatigue,No
2024-12-05 08:24:58,0.20,63.33,0.43,3,110.85445803957835,No Fatigue,No
2024-12-05 08:24:59,N/A,N/A,N/A,N/A,N/A,No Face Detected,N/A
2024-12-05 08:25:00,N/A,N/A,N/A,N/A,N/A,No Face Detected,N/A
2024-12-05 08:25:01,0.28,43.33,0.29,3,100.3663226034505,No Fatigue,No
2024-12-05 08:25:02,0.28,6.67,0.31,3,94.13467137373642,No Fatigue,No
2024-12-05 08:25:03,0.17,13.33,0.25,3,98.3658861240326,No Fatigue,No
2024-12-05 08:25:04,0.25,23.33,0.30,3,110.65891006330749,No Fatigue,No
2024-12-05 08:25:05,0.27,16.67,0.27,3,110.65891006330749,No Fatigue,No
2024-12-05 08:25:06,0.26,6.67,0.32,3,112.13549187810035,No Fatigue,No
2024-12-05 08:25:07,0.23,3.33,0.28,3,112.13549187810035,No Fatigue,No
2024-12-05 08:25:08,0.24,13.33,0.31,3,108.99665415548857,No Fatigue,No
2024-12-05 08:25:10,0.25,20.00,0.28,3,105.10109816138545,No Fatigue,No
2024-12-05 08:25:11,0.27,10.00,0.29,3,105.10109816138545,No Fatigue,No
2024-12-05 08:25:12,0.25,3.33,0.30,3,104.2500326978036,No Fatigue,No
2024-12-05 08:25:13,0.28,0.00,0.30,3,105.57254359681026,No Fatigue,No
2024-12-05 08:25:14,0.24,0.00,0.27,3,103.3924977537511,No Fatigue,No
2024-12-05 08:25:15,0.28,0.00,0.26,3,101.4819913547481,No Fatigue,No
2024-12-05 08:25:16,0.23,13.33,0.27,3,106.69924423399362,No Fatigue,No
2024-12-05 08:25:17,0.29,23.33,0.26,3,98.00472885729286,No Fatigue,No
2024-12-05 08:25:18,0.21,40.00,0.28,3,100.06068979532297,No Fatigue,No
2024-12-05 08:25:19,0.21,56.67,0.26,3,100.06068979532297,No Fatigue,No
2024-12-05 08:25:20,0.22,83.33,0.29,3,103.81502534126162,No Fatigue,No
2024-12-05 08:25:21,0.21,90.00,0.28,3,106.96614810853619,No Fatigue,No
2024-12-05 08:25:22,0.23,83.33,0.29,3,106.96614810853619,No Fatigue,No
2024-12-05 08:25:23,0.23,70.00,0.31,3,111.29735404903377,No Fatigue,No
2024-12-05 08:25:24,0.25,33.33,0.30,3,111.29735404903377,No Fatigue,No
2024-12-05 08:25:25,0.24,26.67,0.28,3,106.69924423399362,No Fatigue,No
2024-12-05 08:25:26,0.23,26.67,0.28,3,106.0735741647464,No Fatigue,No
2024-12-05 08:25:27,0.22,43.33,0.27,3,106.96614810853619,No Fatigue,No
2024-12-05 08:25:28,0.20,70.00,0.26,3,108.13808215559732,No Fatigue,No
2024-12-05 08:25:29,0.28,60.00,0.30,3,102.15494169722223,No Fatigue,No
2024-12-05 08:25:30,0.24,30.00,0.27,3,102.72435568542238,No Fatigue,No
2024-12-05 08:25:32,0.26,26.67,0.30,3,102.92599912470595,No Fatigue,No
2024-12-05 08:25:33,0.24,23.33,0.26,3,100.06068979532297,No Fatigue,No
2024-12-05 08:25:34,0.31,3.33,0.28,3,97.88313931672974,No Fatigue,No
2024-12-05 08:25:35,0.26,13.33,0.26,4,99.01932243138168,No Fatigue,No
2024-12-05 08:25:36,0.15,16.67,0.27,4,98.88065915052024,No Fatigue,No
2024-12-05 08:25:37,0.26,6.67,0.26,4,99.16234704572172,No Fatigue,No
2024-12-05 08:25:38,0.24,13.33,0.26,4,96.44160009933505,No Fatigue,No
2024-12-05 08:25:39,0.23,26.67,0.26,4,96.54629078329404,No Fatigue,No
2024-12-05 08:25:40,0.22,50.00,0.26,4,97.47155917659238,No Fatigue,No
2024-12-05 08:25:41,0.22,56.67,0.28,4,98.3929251873925,No Fatigue,No
2024-12-05 08:25:42,0.21,73.33,0.26,4,98.53076560994813,No Fatigue,No
2024-12-05 08:25:43,0.23,76.67,0.26,4,95.61758059012683,No Fatigue,No
2024-12-05 08:25:44,0.19,63.33,0.26,4,97.47155917659238,No Fatigue,No
2024-12-05 08:25:45,0.20,60.00,0.26,4,99.46232220802563,No Fatigue,No
2024-12-05 08:25:46,0.21,76.67,0.24,4,100.38885781546962,No Fatigue,No
2024-12-05 08:25:47,0.23,73.33,0.46,5,99.36019080191333,No Fatigue,No
2024-12-05 08:25:48,0.22,70.00,0.26,5,96.54629078329404,No Fatigue,No
2024-12-05 08:25:49,0.09,83.33,0.50,6,99.89392066973542,Fatigue Detected,No
2024-12-05 08:25:50,0.22,90.00,0.26,6,88.12212255271464,No Fatigue,No
2024-12-05 08:25:51,0.25,70.00,0.51,6,94.18491612511842,No Fatigue,No
2024-12-05 08:25:52,0.25,33.33,0.28,6,89.10482628978893,No Fatigue,No
2024-12-05 08:25:53,0.24,16.67,0.28,5,92.7702157972002,No Fatigue,No
2024-12-05 08:25:54,0.20,36.67,0.25,6,92.86240522611175,No Fatigue,No
2024-12-05 08:25:55,0.23,50.00,0.34,6,92.7702157972002,No Fatigue,No
2024-12-05 08:25:56,0.24,36.67,0.24,5,95.80672690553158,No Fatigue,No
2024-12-05 08:25:57,0.23,40.00,0.28,5,93.81407483429037,No Fatigue,No
2024-12-05 08:25:58,0.20,66.67,0.35,5,94.39870535499554,No Fatigue,No
2024-12-05 08:26:00,0.22,90.00,0.27,5,93.75172907052598,No Fatigue,No
2024-12-05 08:26:01,0.27,83.33,0.28,5,93.75172907052598,No Fatigue,No
2024-12-05 08:26:02,0.24,46.67,0.26,5,90.93919094573559,No Fatigue,No
2024-12-05 08:26:03,0.26,16.67,0.27,5,91.87787744728536,No Fatigue,No
2024-12-05 08:26:04,0.32,10.00,0.31,5,94.39870535499554,No Fatigue,No
2024-12-05 08:26:05,0.29,3.33,0.29,5,94.46715906138927,No Fatigue,No
2024-12-05 08:26:06,0.23,20.00,0.29,5,93.69138598645128,No Fatigue,No
2024-12-05 08:26:07,0.22,63.33,0.37,5,93.41658819177135,No Fatigue,No
2024-12-05 08:26:08,0.34,56.67,0.31,5,93.57633437499736,No Fatigue,No
2024-12-05 08:26:09,0.22,26.67,0.29,5,93.69138598645128,No Fatigue,No
2024-12-05 08:26:10,0.21,50.00,0.30,5,96.3401917459099,No Fatigue,No
2024-12-05 08:26:11,0.34,56.67,0.29,6,95.1944289077348,No Fatigue,No
2024-12-05 08:26:12,0.24,36.67,0.31,6,94.46715906138927,No Fatigue,No
2024-12-05 08:26:13,0.22,36.67,0.31,6,100.78429786756261,No Fatigue,No
2024-12-05 08:26:14,0.24,36.67,0.26,6,110.22485943116808,No Fatigue,No
2024-12-05 08:26:15,0.27,26.67,0.27,6,107.81888891452277,No Fatigue,No
2024-12-05 08:26:16,0.28,30.00,0.33,6,107.57125877832243,No Fatigue,No
2024-12-05 08:26:17,0.23,33.33,0.33,6,107.57125877832243,No Fatigue,No
2024-12-05 08:26:18,0.23,10.00,0.32,6,100.61965527615514,No Fatigue,No
2024-12-05 08:26:19,0.21,33.33,0.30,6,98.88065915052024,No Fatigue,No
2024-12-05 08:26:20,0.23,63.33,0.27,6,98.13010235415598,No Fatigue,No
2024-12-05 08:26:21,0.23,73.33,0.32,6,107.03776779562564,No Fatigue,No
2024-12-05 08:26:22,0.25,60.00,0.27,6,107.24145939893998,No Fatigue,No
2024-12-05 08:26:23,0.23,50.00,0.32,6,105.57254359681026,No Fatigue,No
2024-12-05 08:26:24,0.24,20.00,0.30,6,98.25943797987881,No Fatigue,No
2024-12-05 08:26:25,0.30,10.00,0.27,6,108.15270588665115,No Fatigue,No
2024-12-05 08:26:27,0.25,10.00,0.29,6,100.06068979532297,No Fatigue,No
2024-12-05 08:26:28,0.20,40.00,0.27,7,98.25943797987881,No Fatigue,No
2024-12-05 08:26:29,0.20,73.33,0.27,8,100.22216863363613,No Fatigue,No
2024-12-05 08:26:30,0.28,66.67,0.28,8,113.08513367280828,No Fatigue,No
2024-12-05 08:26:31,0.29,33.33,0.29,8,100.78429786756261,No Fatigue,No
2024-12-05 08:26:32,0.19,46.67,0.29,8,100.06068979532297,No Fatigue,No
2024-12-05 08:26:33,0.25,73.33,0.25,8,106.96614810853619,No Fatigue,No
2024-12-05 08:26:34,0.23,56.67,0.28,8,99.01932243138168,No Fatigue,No
2024-12-05 08:26:35,0.23,66.67,0.51,9,99.26022153117148,No Fatigue,No
2024-12-05 08:26:36,0.24,86.67,0.26,10,96.24191434741505,No Fatigue,No
2024-12-05 08:26:37,0.23,70.00,0.32,10,107.24145939893998,No Fatigue,No
2024-12-05 08:26:38,0.22,56.67,0.31,10,102.03059609653786,No Fatigue,No
2024-12-05 08:26:39,0.27,43.33,0.27,10,96.54629078329404,No Fatigue,No
2024-12-05 08:26:40,0.27,23.33,0.55,10,95.26239539959512,No Fatigue,No
2024-12-05 08:26:41,0.24,6.67,0.29,10,97.35237935989237,No Fatigue,No
2024-12-05 08:26:42,0.23,30.00,0.27,10,97.47155917659238,No Fatigue,No
2024-12-05 08:26:43,0.19,60.00,0.28,10,99.30994017498604,No Fatigue,No
2024-12-05 08:26:44,0.18,50.00,0.30,10,77.7352262721076,No Fatigue,No
2024-12-05 08:26:45,0.22,46.67,0.25,10,86.47854662307776,No Fatigue,No
2024-12-05 08:26:46,0.11,56.67,0.25,10,92.72631099390628,No Fatigue,No
2024-12-05 08:26:47,0.32,43.33,0.28,10,95.27389595735177,No Fatigue,No
2024-12-05 08:26:48,0.21,46.67,0.25,10,95.35582504285519,No Fatigue,No
2024-12-05 08:26:49,0.30,33.33,0.28,10,95.27389595735177,No Fatigue,No
2024-12-05 08:26:50,0.33,13.33,0.29,10,96.70983680775694,No Fatigue,No
2024-12-05 08:26:51,0.28,6.67,0.27,10,92.683775159469,No Fatigue,No
2024-12-05 08:26:53,0.31,0.00,0.30,10,98.13010235415598,No Fatigue,No
2024-12-05 08:26:54,0.30,0.00,0.28,10,95.44033203100551,No Fatigue,No
2024-12-05 08:26:55,0.29,0.00,0.29,10,95.35582504285519,No Fatigue,No
2024-12-05 08:26:56,0.30,0.00,0.29,10,95.35582504285519,No Fatigue,No
2024-12-05 08:26:57,0.33,0.00,0.28,10,96.3401917459099,No Fatigue,No
2024-12-05 08:26:58,0.32,0.00,0.29,10,95.35582504285519,No Fatigue,No
2024-12-05 08:26:59,0.29,0.00,0.29,10,97.1250163489018,No Fatigue,No
2024-12-05 08:27:00,0.25,10.00,0.29,10,96.24191434741505,No Fatigue,No
2024-12-05 08:27:01,0.24,36.67,0.29,10,95.27389595735177,No Fatigue,No
2024-12-05 08:27:02,0.32,40.00,0.29,10,96.05419189411484,No Fatigue,No
2024-12-05 08:27:03,0.33,26.67,0.27,10,95.96448710125313,No Fatigue,No
2024-12-05 08:27:04,0.32,0.00,0.30,10,94.26789330029081,No Fatigue,No
2024-12-05 08:27:05,0.32,0.00,0.30,10,93.41658819177135,No Fatigue,No
2024-12-05 08:27:05,0.33,0.00,0.31,10,93.41658819177135,No Fatigue,No
2024-12-05 08:27:06,0.32,0.00,0.29,10,92.6025622024998,No Fatigue,No
2024-12-05 08:27:06,0.33,0.00,0.29,10,91.70981404414152,No Fatigue,No
2024-12-05 08:27:07,0.21,10.00,0.76,10,95.12819104185284,No Fatigue,No
2024-12-05 08:27:07,0.30,10.00,0.76,10,94.39870535499554,No Fatigue,No
2024-12-05 08:27:08,0.30,10.00,0.25,10,91.76239102366053,No Fatigue,No
2024-12-05 08:27:08,0.25,3.33,0.23,10,91.73570458892839,No Fatigue,No
2024-12-05 08:27:09,0.29,3.33,0.22,10,92.41950921665634,No Fatigue,No
2024-12-05 08:27:09,0.31,3.33,0.21,10,93.97249594075066,No Fatigue,No
2024-12-05 08:27:10,0.25,10.00,0.26,10,90.88140399658214,No Fatigue,No
2024-12-05 08:27:10,0.28,10.00,0.24,10,95.27389595735177,No Fatigue,No
2024-12-05 08:27:11,0.20,46.67,0.26,10,93.3664606634298,No Fatigue,No
2024-12-05 08:27:11,0.21,56.67,0.21,10,92.56377021146501,No Fatigue,No
2024-12-05 08:27:12,0.21,100.00,0.17,10,93.41658819177135,No Fatigue,No
2024-12-05 08:27:12,0.25,93.33,0.28,10,93.46822925891715,No Fatigue,No
2024-12-05 08:27:13,0.33,16.67,0.70,10,93.01278750418334,No Fatigue,No
2024-12-05 08:27:13,0.36,0.00,0.44,10,92.41950921665634,No Fatigue,No
2024-12-05 08:27:14,0.31,0.00,0.26,10,90.86805144974555,No Fatigue,No
2024-12-05 08:27:14,0.33,0.00,0.25,10,90.0,No Fatigue,No
2024-12-05 08:27:15,0.32,0.00,0.27,10,90.85509739626673,No Fatigue,No
2024-12-05 08:27:16,0.34,0.00,0.29,10,90.0,No Fatigue,No
2024-12-05 08:27:16,0.32,0.00,0.35,10,90.0,No Fatigue,No
2024-12-05 08:27:17,0.32,0.00,0.35,10,90.85509739626673,No Fatigue,No
2024-12-05 08:27:17,0.28,0.00,0.33,10,91.70981404414152,No Fatigue,No
2024-12-05 08:27:18,0.27,0.00,0.33,10,93.46822925891715,No Fatigue,No
2024-12-05 08:27:18,0.28,0.00,0.35,10,93.46822925891715,No Fatigue,No
2024-12-05 08:27:19,0.28,0.00,0.36,10,92.6025622024998,No Fatigue,No
2024-12-05 08:27:20,0.30,0.00,0.35,10,92.6025622024998,No Fatigue,No
2024-12-05 08:27:20,0.27,0.00,0.38,10,94.33231398318851,No Fatigue,No
2024-12-05 08:27:21,0.28,0.00,0.36,10,93.46822925891715,No Fatigue,No
2024-12-05 08:27:21,0.28,0.00,0.35,10,94.26789330029081,No Fatigue,No
2024-12-05 08:27:22,0.27,0.00,0.36,10,93.46822925891715,No Fatigue,No
2024-12-05 08:27:22,0.31,0.00,0.34,10,94.39870535499554,No Fatigue,No
2024-12-05 08:27:23,0.29,0.00,0.37,10,91.73570458892839,No Fatigue,No
2024-12-05 08:27:23,0.33,0.00,0.38,10,92.56377021146501,No Fatigue,No
2024-12-05 08:27:24,0.37,0.00,0.35,10,92.6025622024998,No Fatigue,No
2024-12-05 08:27:24,0.33,0.00,0.37,10,93.46822925891715,No Fatigue,No
2024-12-05 08:27:25,0.32,6.67,0.36,10,92.6025622024998,No Fatigue,No
2024-12-05 08:27:26,0.32,0.00,0.38,10,91.73570458892839,No Fatigue,No
2024-12-05 08:27:27,0.34,3.33,0.36,10,94.96974072811031,No Fatigue,No
2024-12-05 08:27:28,0.33,10.00,0.38,10,94.26789330029081,No Fatigue,No
2024-12-05 08:27:41,0.30,10.00,0.36,6,93.3664606634298,No Fatigue,No
2024-12-05 08:27:42,0.33,6.67,0.35,5,92.48955292199916,No Fatigue,No
2024-12-05 08:27:43,0.32,0.00,0.36,5,92.52611691161955,No Fatigue,No
2024-12-05 08:27:44,0.18,23.33,0.17,4,95.11731484997264,No Fatigue,No
2024-12-05 08:27:45,0.24,43.33,0.60,5,92.35329686610831,No Fatigue,No
2024-12-05 08:27:46,0.24,26.67,0.51,6,96.61346048231475,No Fatigue,No
2024-12-05 08:27:47,0.24,40.00,0.33,7,91.6846843178963,No Fatigue,No
2024-12-05 08:27:48,0.27,30.00,0.37,8,93.3664606634298,No Fatigue,No
2024-12-05 08:27:49,0.18,26.67,0.22,8,90.0,No Fatigue,No
2024-12-05 08:27:51,0.29,56.67,0.22,8,89.14490260373329,No Fatigue,No
2024-12-05 08:27:52,0.30,36.67,Obstructed,9,84.20720350496785,Hand Covering Mouth,Yes
2024-12-05 08:27:53,0.29,0.00,Obstructed,10,85.10090754621224,Hand Covering Mouth,Yes
2024-12-05 08:27:54,0.24,6.67,0.29,10,92.72631099390628,No Fatigue,No
2024-12-05 08:27:55,0.33,6.67,0.29,10,91.8476102659946,No Fatigue,No
2024-12-05 08:27:56,0.32,0.00,Obstructed,10,85.85537625889572,Hand Covering Mouth,Yes
2024-12-05 08:27:57,0.27,0.00,0.45,10,94.26789330029081,No Fatigue,No
2024-12-05 08:27:58,0.29,0.00,0.33,10,101.94417718844633,No Fatigue,No
2024-12-05 08:27:59,0.27,13.33,0.26,10,94.46715906138927,No Fatigue,No
2024-12-05 08:28:00,0.30,13.33,0.37,10,91.70981404414152,No Fatigue,No
2024-12-05 08:28:01,0.13,33.33,0.22,10,91.76239102366053,No Fatigue,No
2024-12-05 08:28:02,0.22,50.00,0.12,10,93.57633437499736,No Fatigue,No
2024-12-05 08:28:03,0.32,30.00,0.27,10,93.63295073948821,No Fatigue,No
2024-12-05 08:28:04,0.39,10.00,0.72,10,96.24191434741505,No Fatigue,No
2024-12-05 08:28:05,0.29,3.33,0.23,10,92.72631099390628,No Fatigue,No
2024-12-05 08:28:06,0.26,13.33,0.37,10,95.61758059012683,No Fatigue,No
2024-12-05 08:28:07,N/A,N/A,N/A,N/A,N/A,No Face Detected,N/A
2024-12-05 08:28:08,N/A,N/A,N/A,N/A,N/A,No Face Detected,N/A
2024-12-05 08:28:09,0.32,33.33,0.29,10,99.46232220802563,No Fatigue,No
2024-12-05 08:28:10,0.30,23.33,0.30,10,97.85331330197822,No Fatigue,No
2024-12-05 08:28:11,0.15,30.00,0.59,10,91.39718102729638,No Fatigue,No
2024-12-05 08:28:12,0.27,46.67,0.23,10,90.83031548625802,No Fatigue,No
2024-12-05 08:28:13,0.31,26.67,0.28,10,91.70981404414152,No Fatigue,No
2024-12-05 08:28:14,0.31,13.33,0.27,10,91.6846843178963,No Fatigue,No
2024-12-05 08:28:15,0.16,26.67,0.25,10,94.39870535499554,No Fatigue,No
2024-12-05 08:28:16,0.33,50.00,0.26,10,93.75172907052598,No Fatigue,No
2024-12-05 08:28:17,0.28,33.33,0.26,10,94.61064931866062,No Fatigue,No
2024-12-05 08:28:19,0.26,0.00,0.28,10,91.78991060824607,No Fatigue,No
2024-12-05 08:28:20,0.30,0.00,0.28,10,93.63295073948821,No Fatigue,No
2024-12-05 08:28:21,0.28,0.00,0.29,10,91.78991060824607,No Fatigue,No
2024-12-05 08:28:22,0.29,10.00,0.28,10,92.683775159469,No Fatigue,No
2024-12-05 08:28:23,0.28,20.00,0.29,10,93.57633437499736,No Fatigue,No
2024-12-05 08:28:24,0.26,10.00,0.29,10,92.683775159469,No Fatigue,No
2024-12-05 08:28:25,0.28,0.00,0.29,10,93.57633437499736,No Fatigue,No
2024-12-05 08:28:26,0.27,0.00,0.31,10,91.78991060824607,No Fatigue,No
2024-12-05 08:28:27,0.28,0.00,0.29,10,91.78991060824607,No Fatigue,No
2024-12-05 08:28:28,0.25,6.67,0.38,10,91.76239102366053,No Fatigue,No
2024-12-05 08:28:29,0.25,6.67,Obstructed,10,87.08916217383225,Hand Covering Mouth,Yes
2024-12-05 08:28:30,0.24,16.67,0.27,10,95.27389595735177,No Fatigue,No
2024-12-05 08:28:31,0.21,23.33,0.23,10,99.90418321297388,No Fatigue,No
2024-12-05 08:28:32,N/A,N/A,N/A,N/A,N/A,No Face Detected,N/A
2024-12-05 08:28:33,0.28,43.33,0.27,10,83.75808565258495,No Fatigue,No
2024-12-05 08:28:34,0.28,33.33,0.37,10,89.11859600341786,No Fatigue,No
2024-12-05 08:28:35,0.25,0.00,0.31,10,90.0,No Fatigue,No
2024-12-05 08:28:36,0.25,0.00,0.31,10,90.0,No Fatigue,No
2024-12-05 08:28:37,0.26,13.33,0.38,10,89.11859600341786,No Fatigue,No
2024-12-05 08:28:38,0.27,13.33,0.33,10,91.78991060824607,No Fatigue,No
2024-12-05 08:28:39,0.21,50.00,0.35,10,93.46822925891715,No Fatigue,No
2024-12-05 08:28:40,0.30,63.33,0.37,10,91.76239102366053,No Fatigue,No
2024-12-05 08:28:41,0.31,23.33,0.36,10,90.88140399658214,No Fatigue,No
2024-12-05 08:28:42,0.16,40.00,0.37,10,94.39870535499554,No Fatigue,No
2024-12-05 08:28:43,0.32,40.00,0.34,10,94.26789330029081,No Fatigue,No
2024-12-05 08:28:44,0.30,16.67,0.25,10,93.52145337692225,No Fatigue,No
2024-12-05 08:28:45,0.22,33.33,0.25,10,92.7702157972002,No Fatigue,No
2024-12-05 08:28:46,0.22,60.00,0.28,10,97.23692202596801,No Fatigue,No
2024-12-05 08:28:47,0.31,50.00,0.27,10,95.52754015165618,No Fatigue,No
2024-12-05 08:28:49,0.23,16.67,0.27,9,95.44033203100551,No Fatigue,No
2024-12-05 08:28:50,0.28,10.00,0.29,9,95.44033203100551,No Fatigue,No
2024-12-05 08:28:51,0.29,10.00,0.27,9,96.3401917459099,No Fatigue,No
2024-12-05 08:28:52,0.28,6.67,0.25,8,94.61064931866062,No Fatigue,No
2024-12-05 08:28:53,0.19,20.00,0.29,7,94.76364169072617,No Fatigue,No
2024-12-05 08:28:54,0.21,53.33,0.28,7,97.35237935989237,No Fatigue,No
2024-12-05 08:28:55,N/A,N/A,N/A,N/A,N/A,No Face Detected,N/A
2024-12-05 08:28:56,0.32,80.00,0.24,7,100.00797980144135,No Fatigue,No
2024-12-05 08:28:57,0.18,86.67,0.35,7,95.27389595735177,No Fatigue,No
2024-12-05 08:28:58,0.20,83.33,0.33,6,92.683775159469,No Fatigue,No
2024-12-05 08:28:59,0.22,90.00,0.35,6,94.61064931866062,No Fatigue,No
2024-12-05 08:29:00,0.22,76.67,0.33,6,93.63295073948821,No Fatigue,No
2024-12-05 08:29:01,0.21,80.00,0.31,6,91.81830296445185,No Fatigue,No
2024-12-05 08:29:02,0.21,90.00,0.34,6,92.72631099390628,No Fatigue,No
2024-12-05 08:29:03,0.28,80.00,0.28,6,93.63295073948821,No Fatigue,No
2024-12-05 08:29:04,0.18,60.00,0.35,5,92.72631099390628,No Fatigue,No
2024-12-05 08:29:05,0.25,26.67,0.30,4,95.52754015165618,No Fatigue,No
2024-12-05 08:29:06,0.28,56.67,0.30,4,95.61758059012683,No Fatigue,No
2024-12-05 08:29:07,0.31,66.67,0.28,4,97.72182580013097,No Fatigue,No
2024-12-05 08:29:08,0.24,43.33,0.18,4,99.16234704572172,No Fatigue,No
2024-12-05 08:29:09,0.21,40.00,0.22,3,97.59464336859145,No Fatigue,No
2024-12-05 08:29:10,0.24,53.33,0.24,3,98.53076560994813,No Fatigue,No
2024-12-05 08:29:11,0.21,46.67,0.24,2,97.47155917659238,No Fatigue,No
2024-12-05 08:29:12,0.21,40.00,0.24,1,95.44033203100551,No Fatigue,No
2024-12-05 08:29:13,0.29,56.67,0.23,1,93.63295073948821,No Fatigue,No
2024-12-05 08:29:15,0.28,33.33,0.25,1,91.8476102659946,No Fatigue,No
2024-12-05 08:29:16,0.28,10.00,0.24,1,94.53777250790665,No Fatigue,No
2024-12-05 08:29:17,0.26,0.00,0.28,1,94.61064931866062,No Fatigue,No
2024-12-05 08:29:18,0.25,16.67,0.25,1,94.68589983950271,No Fatigue,No
2024-12-05 08:29:19,0.25,30.00,0.28,1,91.87787744728536,No Fatigue,No
2024-12-05 08:32:17,0.29,0.00,0.31,0,93.57633437499736,No Fatigue,No
2024-12-05 08:32:18,0.18,20.00,0.25,0,93.41658819177135,No Fatigue,No
2024-12-05 08:32:19,0.14,60.00,0.23,0,90.83031548625802,No Fatigue,No
2024-12-05 08:32:21,0.29,70.00,0.26,0,96.14662565964667,No Fatigue,No
2024-12-05 08:32:22,0.18,36.67,0.25,0,95.44033203100551,No Fatigue,No
2024-12-05 08:32:23,0.31,40.00,0.25,0,94.53777250790665,No Fatigue,No
2024-12-05 08:32:24,0.32,26.67,0.28,0,97.23692202596801,No Fatigue,No
2024-12-05 08:32:25,0.16,33.33,0.52,1,89.15747573925958,No Fatigue,No
2024-12-05 08:32:26,0.26,43.33,0.40,3,90.0,No Fatigue,No
2024-12-05 08:32:27,0.18,60.00,0.43,4,92.7702157972002,No Fatigue,No
2024-12-05 08:32:28,0.12,63.33,0.52,5,91.61353893288118,No Fatigue,No
2024-12-05 08:32:29,0.15,80.00,0.26,7,95.1944289077348,No Fatigue,No
2024-12-05 08:32:30,0.27,60.00,0.27,7,91.87787744728536,No Fatigue,No
2024-12-05 08:32:31,0.25,23.33,0.48,9,89.13194855025446,No Fatigue,No
2024-12-05 08:32:32,N/A,N/A,N/A,N/A,N/A,No Face Detected,N/A
2024-12-05 08:32:33,0.31,23.33,0.28,10,94.08561677997488,No Fatigue,No
2024-12-05 08:32:34,0.26,30.00,0.26,10,92.00955381302114,No Fatigue,No
2024-12-05 08:32:35,0.34,53.33,0.28,10,93.52145337692225,No Fatigue,No
2024-12-05 08:32:36,0.11,40.00,0.32,10,90.85509739626673,No Fatigue,No
2024-12-05 08:32:37,0.22,53.33,0.47,10,86.30861401354873,No Fatigue,No
2024-12-05 08:32:38,0.23,90.00,0.44,10,87.08916217383225,No Fatigue,No
2024-12-05 08:32:39,0.34,63.33,0.31,10,94.46715906138927,No Fatigue,No
2024-12-05 08:32:40,0.18,46.67,0.54,10,88.45184230102204,No Fatigue,No
2024-12-05 08:32:41,0.30,66.67,0.28,10,92.00955381302114,No Fatigue,No
2024-12-05 08:32:42,0.24,46.67,0.31,10,93.57633437499736,No Fatigue,No
2024-12-05 08:32:43,0.17,53.33,0.32,10,93.27048792318357,No Fatigue,No
2024-12-05 08:32:44,0.20,100.00,0.80,10,94.87927378300672,Fatigue Detected,No
2024-12-05 08:32:45,0.23,83.33,0.76,10,95.25380275126226,Fatigue Detected,No
2024-12-05 08:32:47,0.22,76.67,0.77,10,95.06361685303008,Fatigue Detected,No
2024-12-05 08:32:48,0.15,90.00,0.69,10,98.93956500315153,Fatigue Detected,No
2024-12-05 08:32:49,0.29,76.67,0.26,10,97.53944513950931,No Fatigue,No
2024-12-05 08:32:50,0.10,40.00,0.33,10,95.29008120537127,No Fatigue,No
2024-12-05 08:32:51,0.34,46.67,0.29,10,95.44033203100551,No Fatigue,No
2024-12-05 08:32:52,0.10,56.67,0.40,10,90.70731936854426,No Fatigue,No
2024-12-05 08:32:53,0.12,66.67,0.54,10,91.59114027119459,No Fatigue,No
2024-12-05 08:32:54,0.26,96.67,0.48,10,91.6846843178963,No Fatigue,No
2024-12-05 08:32:55,0.35,63.33,0.30,10,93.81407483429037,No Fatigue,No
2024-12-05 08:32:56,0.12,40.00,0.26,10,96.3401917459099,No Fatigue,No
2024-12-05 08:32:57,0.33,46.67,0.29,10,93.87852450284771,No Fatigue,No
2024-12-05 08:32:58,0.17,63.33,0.42,10,89.22577983507195,No Fatigue,No
2024-12-05 08:32:59,0.14,73.33,0.46,10,95.04245106917092,Fatigue Detected,No
2024-12-05 08:33:00,0.25,76.67,0.31,10,91.81830296445185,No Fatigue,No
2024-12-05 08:33:01,0.12,70.00,0.54,10,90.0,No Fatigue,No
2024-12-05 08:33:02,0.27,40.00,0.49,10,90.0,No Fatigue,No
2024-12-05 08:33:03,0.23,30.00,0.54,10,90.0,No Fatigue,No
2024-12-05 08:33:04,0.26,26.67,0.25,10,90.98776039963981,No Fatigue,No
2024-12-05 08:33:05,0.29,30.00,0.24,10,91.04162667600998,No Fatigue,No
2024-12-05 08:33:06,0.09,66.67,0.52,10,89.20427644726072,No Fatigue,No
2024-12-05 08:33:07,0.13,96.67,0.26,10,93.301865674435,No Fatigue,No
2024-12-05 08:33:08,0.09,96.67,0.54,10,90.0,Fatigue Detected,No
2024-12-05 08:33:09,0.12,100.00,0.51,10,89.15747573925958,Fatigue Detected,No
2024-12-05 08:33:09,0.07,100.00,0.55,10,90.0,Fatigue Detected,No
2024-12-05 08:33:10,0.09,100.00,0.51,10,89.19307054489762,Fatigue Detected,No
2024-12-05 08:33:10,0.11,100.00,0.55,10,88.43064519525102,Fatigue Detected,No
2024-12-05 08:33:11,0.14,100.00,0.53,10,89.15747573925958,Fatigue Detected,No
2024-12-05 08:33:12,0.11,100.00,0.51,10,89.169684513742,Fatigue Detected,No
2024-12-05 08:33:12,0.11,100.00,0.52,10,88.36342295838328,Fatigue Detected,No
2024-12-05 08:33:13,0.10,100.00,0.56,10,89.19307054489762,Fatigue Detected,No
2024-12-05 08:33:13,0.14,100.00,0.55,10,89.21517539700811,Fatigue Detected,No
2024-12-05 08:33:14,0.27,86.67,0.25,10,93.17983011986423,No Fatigue,No
2024-12-05 08:33:14,0.14,56.67,0.27,10,92.86240522611175,No Fatigue,No
2024-12-05 08:33:15,0.16,56.67,0.29,10,91.90915243299638,No Fatigue,No
2024-12-05 08:33:16,0.27,73.33,0.28,10,91.90915243299638,No Fatigue,No
2024-12-05 08:33:16,0.30,66.67,0.28,10,91.90915243299638,No Fatigue,No
2024-12-05 08:33:17,0.28,0.00,0.53,10,93.27048792318357,No Fatigue,No
2024-12-05 08:33:17,0.27,0.00,0.50,10,92.45403167452707,No Fatigue,No
2024-12-05 08:33:18,0.11,60.00,0.34,10,106.96614810853619,No Fatigue,No
2024-12-05 08:33:18,0.13,63.33,0.35,10,106.96614810853619,No Fatigue,No
2024-12-05 08:33:19,0.19,73.33,0.42,10,89.19307054489762,No Fatigue,No
2024-12-05 08:33:19,0.14,73.33,0.39,10,88.36342295838328,No Fatigue,No
2024-12-05 08:33:20,0.26,96.67,0.29,10,91.76239102366053,No Fatigue,No
2024-12-05 08:33:20,0.25,93.33,0.27,10,92.683775159469,No Fatigue,No
2024-12-05 08:33:21,N/A,N/A,N/A,N/A,N/A,No Face Detected,N/A
2024-12-05 08:33:21,N/A,N/A,N/A,N/A,N/A,No Face Detected,N/A
2024-12-05 08:33:22,0.34,40.00,0.46,10,88.36342295838328,No Fatigue,No
2024-12-05 08:33:22,0.35,33.33,0.42,10,89.169684513742,No Fatigue,No
2024-12-05 08:33:23,0.23,23.33,0.37,10,87.35745470593528,No Fatigue,No
2024-12-05 08:33:23,0.22,26.67,0.36,10,87.35745470593528,No Fatigue,No
2024-12-05 08:33:24,0.30,30.00,0.40,10,88.29018595585848,No Fatigue,No
2024-12-05 08:33:24,0.29,26.67,0.40,10,89.15747573925958,No Fatigue,No
2024-12-05 08:33:25,0.29,0.00,0.40,10,89.14490260373329,No Fatigue,No
2024-12-05 08:33:25,0.30,0.00,0.40,10,89.15747573925958,No Fatigue,No
2024-12-05 08:33:26,0.28,0.00,0.39,10,89.13194855025446,No Fatigue,No
2024-12-05 08:33:26,0.31,0.00,0.39,10,88.29018595585848,No Fatigue,No
2024-12-05 08:33:27,0.32,6.67,0.43,10,91.6602823689828,No Fatigue,No
2024-12-05 08:33:27,0.31,6.67,0.51,10,92.38594403038883,No Fatigue,No
2024-12-05 08:33:28,0.24,0.00,0.47,10,92.56377021146501,No Fatigue,No
2024-12-05 08:33:28,0.24,0.00,0.47,10,91.70981404414152,No Fatigue,No
2024-12-05 08:33:29,0.23,16.67,0.45,10,89.26547896574519,No Fatigue,No
2024-12-05 08:33:29,0.23,20.00,0.45,10,89.28384005452959,No Fatigue,No
2024-12-05 08:33:30,0.19,76.67,0.40,10,83.86274405073802,No Fatigue,No
2024-12-05 08:33:30,0.14,80.00,0.46,10,84.41275603579565,Fatigue Detected,No
2024-12-05 08:33:31,0.13,100.00,0.35,10,90.75384833307076,No Fatigue,No
2024-12-05 08:33:31,0.13,100.00,0.36,10,93.09405805891711,No Fatigue,No
2024-12-05 08:33:32,0.17,100.00,0.36,10,103.65041913475699,No Fatigue,No
2024-12-05 08:33:32,0.15,100.00,0.35,10,103.46520809481171,No Fatigue,No
2024-12-05 08:33:33,0.08,100.00,0.36,10,90.0,No Fatigue,No
2024-12-05 08:33:33,0.12,100.00,0.36,10,90.0,No Fatigue,No
2024-12-05 08:33:34,0.19,56.67,0.26,10,85.98582430458899,No Fatigue,No
2024-12-05 08:33:34,0.21,56.67,0.25,10,84.0938588862295,No Fatigue,No
2024-12-05 08:33:35,0.08,96.67,0.25,10,87.03906386583625,No Fatigue,No
2024-12-05 08:33:35,0.14,100.00,0.25,10,85.84035770628736,No Fatigue,No
2024-12-05 08:33:36,0.18,63.33,0.40,10,91.569354804749,No Fatigue,No
2024-12-05 08:33:36,0.18,63.33,0.40,10,91.59114027119459,No Fatigue,No
2024-12-05 08:33:37,0.29,40.00,0.19,10,93.05288251479243,No Fatigue,No
2024-12-05 08:33:37,0.27,36.67,0.22,10,93.01278750418334,No Fatigue,No
2024-12-05 08:33:39,0.31,6.67,0.33,10,90.79572355273929,No Fatigue,No
2024-12-05 08:33:39,0.28,6.67,0.31,10,90.79572355273929,No Fatigue,No
2024-12-05 08:33:40,0.32,0.00,0.24,10,91.6602823689828,No Fatigue,No
2024-12-05 08:33:40,0.33,0.00,0.24,10,91.6602823689828,No Fatigue,No
2024-12-05 08:33:41,0.30,10.00,0.26,10,91.6602823689828,No Fatigue,No
2024-12-05 08:33:41,0.29,10.00,0.26,10,91.63657704161672,No Fatigue,No
2024-12-05 08:33:42,0.31,0.00,0.26,10,90.79572355273929,No Fatigue,No
2024-12-05 08:33:42,0.31,0.00,0.27,10,90.79572355273929,No Fatigue,No
2024-12-05 08:33:43,0.33,0.00,0.22,10,91.54815769897796,No Fatigue,No
2024-12-05 08:33:43,0.34,0.00,0.22,10,90.78482460299189,No Fatigue,No
2024-12-05 08:33:44,0.30,6.67,0.61,10,90.0,No Fatigue,No
2024-12-05 08:33:44,0.30,6.67,0.61,10,90.0,No Fatigue,No
2024-12-05 08:33:45,0.29,3.33,0.39,10,85.10090754621224,No Fatigue,No
2024-12-05 08:33:45,0.32,3.33,0.39,10,85.97173633351487,No Fatigue,No
2024-12-05 08:33:46,0.34,0.00,0.40,10,86.86364163166742,No Fatigue,No
2024-12-05 08:33:46,0.31,0.00,0.42,10,87.58049078334366,No Fatigue,No
2024-12-05 08:33:47,0.31,0.00,0.43,10,86.7754773934801,No Fatigue,No
2024-12-05 08:33:47,0.33,0.00,0.43,10,86.72951207681645,No Fatigue,No
2024-12-05 08:33:48,0.22,20.00,0.36,10,88.36342295838328,No Fatigue,No
2024-12-05 08:33:48,0.26,26.67,0.62,10,88.47247455778707,No Fatigue,No
2024-12-05 08:33:49,0.26,43.33,0.50,10,88.38646106711883,No Fatigue,No
2024-12-05 08:33:49,0.25,33.33,0.45,10,88.31531568210372,No Fatigue,No
2024-12-05 08:33:50,0.24,30.00,0.37,10,85.73210669970919,No Fatigue,No
2024-12-05 08:33:50,0.25,26.67,0.37,10,87.436229788535,No Fatigue,No
2024-12-05 08:33:51,0.22,23.33,0.36,10,84.8055710922652,No Fatigue,No
2024-12-05 08:33:51,0.23,23.33,0.36,10,85.66768601681149,No Fatigue,No
2024-12-05 08:33:52,0.21,50.00,0.37,10,85.66768601681149,No Fatigue,No
2024-12-05 08:33:52,0.22,50.00,0.37,10,85.73210669970919,No Fatigue,No
2024-12-05 08:33:53,0.24,70.00,0.37,10,84.88268515002737,No Fatigue,No
2024-12-05 08:33:53,0.26,70.00,0.34,10,84.88268515002737,No Fatigue,No
2024-12-05 08:33:54,0.22,36.67,0.41,10,84.20720350496785,No Fatigue,No
2024-12-05 08:33:54,0.18,40.00,0.41,10,84.20720350496785,No Fatigue,No
2024-12-05 08:33:55,0.11,100.00,0.40,10,83.48019824834302,No Fatigue,No
2024-12-05 08:33:55,0.09,100.00,0.44,10,83.38653951768524,No Fatigue,No
2024-12-05 08:33:56,0.12,100.00,0.47,10,84.36931724236474,Fatigue Detected,No
2024-12-05 08:33:56,0.12,100.00,0.45,10,84.12260739335687,Fatigue Detected,No
2024-12-05 08:33:57,0.09,93.33,0.41,10,88.47247455778707,No Fatigue,No
2024-12-05 08:33:57,0.17,93.33,0.35,10,86.72951207681645,No Fatigue,No
2024-12-05 08:33:58,0.18,90.00,0.42,10,85.97173633351487,No Fatigue,No
2024-12-05 08:33:59,0.15,93.33,0.43,10,85.30131948270056,No Fatigue,No
2024-12-05 08:34:00,0.16,93.33,0.41,10,85.10090754621224,No Fatigue,No
2024-12-05 08:34:00,0.10,93.33,0.44,10,86.72951207681645,No Fatigue,No
2024-12-05 08:34:01,0.15,93.33,0.37,10,84.28940686250037,No Fatigue,No
2024-12-05 08:34:01,0.18,93.33,0.44,10,85.85537625889572,No Fatigue,No
2024-12-05 08:34:02,0.07,93.33,0.50,10,86.86364163166742,Fatigue Detected,No
2024-12-05 08:34:02,0.08,96.67,0.43,10,86.63353933657021,No Fatigue,No
2024-12-05 08:34:03,0.21,100.00,0.44,10,84.12260739335687,No Fatigue,No
2024-12-05 08:34:03,0.16,100.00,0.42,10,84.88268515002737,No Fatigue,No
2024-12-05 08:34:04,0.08,90.00,0.44,10,86.7754773934801,No Fatigue,No
2024-12-05 08:34:04,0.09,90.00,0.39,10,85.79464299829141,No Fatigue,No
2024-12-05 08:34:05,0.15,96.67,0.37,10,84.03551289874689,No Fatigue,No
2024-12-05 08:34:05,0.18,96.67,0.35,10,84.88268515002737,No Fatigue,No
2024-12-05 08:34:06,0.21,100.00,0.41,10,83.6598082540901,No Fatigue,No
2024-12-05 08:34:06,0.21,100.00,0.34,10,83.38653951768524,No Fatigue,No
2024-12-05 08:34:07,0.16,100.00,0.38,10,84.44702896696319,No Fatigue,No
2024-12-05 08:34:07,0.14,100.00,0.32,10,84.20720350496785,No Fatigue,No
2024-12-05 08:34:08,0.24,93.33,0.47,10,78.99645914825051,No Fatigue,No
2024-12-05 08:34:08,0.28,76.67,0.22,10,86.82016988013577,No Fatigue,No
2024-12-05 08:34:09,0.17,16.67,0.25,10,89.15747573925958,No Fatigue,No
2024-12-05 08:34:09,0.18,33.33,0.25,10,90.81845546168861,No Fatigue,No
2024-12-05 08:34:10,0.27,86.67,0.22,10,90.0,No Fatigue,No
2024-12-05 08:34:10,0.24,70.00,0.23,10,90.0,No Fatigue,No
2024-12-05 08:34:11,0.27,13.33,0.24,10,90.0,No Fatigue,No
2024-12-05 08:34:11,0.29,10.00,0.25,10,89.169684513742,No Fatigue,No
2024-12-05 08:34:12,0.29,10.00,0.27,10,88.31531568210372,No Fatigue,No
2024-12-05 08:34:12,0.27,10.00,0.29,10,88.33971763101721,No Fatigue,No
2024-12-05 08:34:13,0.12,76.67,0.27,10,89.09061955080087,No Fatigue,No
2024-12-05 08:34:13,0.10,93.33,0.28,10,89.10482628978893,No Fatigue,No
2024-12-05 08:34:14,0.21,90.00,0.24,10,87.13759477388825,No Fatigue,No
2024-12-05 08:34:14,0.25,83.33,0.24,10,87.03906386583625,No Fatigue,No
2024-12-05 08:34:15,0.26,16.67,0.23,10,86.98721249581666,No Fatigue,No
2024-12-05 08:34:15,0.28,6.67,0.25,10,84.89783474764181,No Fatigue,No
2024-12-05 08:34:16,0.31,3.33,0.24,10,85.91438322002513,No Fatigue,No
2024-12-05 08:34:16,0.29,3.33,0.25,10,87.91743472026913,No Fatigue,No
2024-12-05 08:34:17,0.26,3.33,0.25,10,86.8778695378843,No Fatigue,No
2024-12-05 08:34:18,0.30,3.33,0.24,10,86.93351449887412,No Fatigue,No
2024-12-05 08:34:19,0.13,16.67,0.25,10,88.99491399474583,No Fatigue,No
2024-12-05 08:34:20,0.23,30.00,0.28,10,90.0,No Fatigue,No
2024-12-05 08:34:21,0.12,46.67,0.33,10,88.36342295838328,No Fatigue,No
2024-12-05 08:34:22,0.30,36.67,0.25,10,90.85509739626673,No Fatigue,No
2024-12-05 08:34:23,0.18,16.67,0.25,10,92.64254529406472,No Fatigue,No
2024-12-05 08:34:24,0.22,53.33,0.28,10,97.35237935989237,No Fatigue,No
2024-12-05 08:34:25,0.32,70.00,0.27,10,87.31622484053102,No Fatigue,No
2024-12-05 09:32:56,0.27,0.00,0.31,0,97.01650174472292,No Fatigue,No
2024-12-05 09:32:58,0.26,0.00,0.38,0,94.26789330029081,No Fatigue,No
2024-12-05 09:32:59,0.25,0.00,Obstructed,0,90.0,Hand Covering Mouth,Yes
2024-12-05 09:33:00,0.24,13.33,0.34,1,95.96448710125313,No Fatigue,No
2024-12-05 09:33:01,0.21,50.00,0.39,1,89.15747573925958,No Fatigue,No
2024-12-05 09:33:02,0.17,83.33,0.42,1,90.84252426074042,No Fatigue,No
2024-12-05 09:33:03,0.14,93.33,0.41,1,98.48894388050472,No Fatigue,No
2024-12-05 09:33:04,0.14,93.33,0.42,1,101.14288985833933,No Fatigue,No
2024-12-05 09:33:05,0.20,90.00,0.44,2,94.20535700170859,No Fatigue,No
2024-12-05 09:33:06,0.16,93.33,0.41,2,96.91122711902469,No Fatigue,No
2024-12-05 09:33:07,0.09,93.33,0.36,2,106.44037952168019,No Fatigue,No
2024-12-05 09:33:08,0.21,96.67,0.39,2,112.28558764683277,No Fatigue,No
2024-12-05 09:33:09,0.17,96.67,0.33,2,108.13808215559732,No Fatigue,No
2024-12-05 09:33:10,0.23,100.00,0.47,3,102.83560948640144,No Fatigue,No
2024-12-05 09:33:11,0.20,96.67,0.38,3,104.93141717813755,No Fatigue,No
2024-12-05 09:33:12,0.19,96.67,0.36,4,106.69924423399362,No Fatigue,No
2024-12-05 09:33:13,N/A,N/A,N/A,N/A,N/A,No Face Detected,N/A
2024-12-05 09:33:14,0.16,100.00,0.39,4,98.25943797987881,No Fatigue,No
2024-12-05 09:33:15,0.12,100.00,0.35,4,93.87852450284771,No Fatigue,No
2024-12-05 09:33:16,0.12,100.00,0.34,4,93.94518622903756,No Fatigue,No
2024-12-05 09:33:17,0.16,100.00,0.39,5,101.4819913547481,No Fatigue,No
2024-12-05 09:33:18,0.29,60.00,0.38,5,91.6846843178963,No Fatigue,No
2024-12-05 09:33:20,0.11,26.67,0.36,5,91.81830296445185,No Fatigue,No
2024-12-05 09:33:21,0.26,10.00,0.40,5,100.00797980144135,No Fatigue,No
2024-12-05 09:33:22,0.29,10.00,0.38,5,96.80905017961341,No Fatigue,No
2024-12-05 09:33:22,0.28,10.00,0.40,5,96.05419189411484,No Fatigue,No
2024-12-05 09:33:23,0.30,3.33,0.38,5,95.11731484997264,No Fatigue,No
2024-12-05 09:33:23,0.29,0.00,0.39,5,95.96448710125313,No Fatigue,No
2024-12-05 09:33:24,0.29,0.00,0.39,5,95.11731484997264,No Fatigue,No
2024-12-05 09:33:25,0.25,0.00,0.35,5,96.91122711902469,No Fatigue,No
2024-12-05 09:33:26,0.27,3.33,0.37,5,98.48894388050472,No Fatigue,No
2024-12-05 09:33:27,0.18,23.33,0.40,6,93.52145337692225,No Fatigue,No
2024-12-05 09:33:28,0.20,63.33,0.39,6,97.65065095535941,No Fatigue,No
2024-12-05 09:33:29,0.19,96.67,0.36,6,97.65065095535941,No Fatigue,No
2024-12-05 09:33:30,0.23,100.00,0.38,6,98.61564818416412,No Fatigue,No
2024-12-05 09:33:31,0.17,100.00,0.38,6,101.30993247402021,No Fatigue,No
2024-12-05 09:33:32,0.20,100.00,0.25,6,100.22216863363613,No Fatigue,No
2024-12-05 09:33:33,0.21,100.00,0.35,6,100.95406264339833,No Fatigue,No
2024-12-05 09:33:34,0.20,100.00,0.44,8,85.73210669970919,No Fatigue,No
2024-12-05 09:33:35,0.14,100.00,0.36,9,80.53767779197439,No Fatigue,No
2024-12-05 09:33:36,0.13,100.00,0.37,9,85.07289005235099,No Fatigue,No
2024-12-05 09:33:37,0.12,100.00,0.42,9,81.46923439005187,No Fatigue,No
2024-12-05 09:33:38,0.17,96.67,0.41,9,90.89517371021107,No Fatigue,No
2024-12-05 09:33:39,0.12,96.67,0.44,9,96.14662565964667,No Fatigue,No
2024-12-05 09:33:40,0.16,96.67,0.42,9,93.31778116833485,No Fatigue,No
2024-12-05 09:33:41,0.16,96.67,0.42,9,94.96974072811031,No Fatigue,No
2024-12-05 09:33:41,0.19,100.00,0.42,9,88.38646106711883,No Fatigue,No
2024-12-05 09:33:42,0.18,100.00,0.44,9,89.18154453831139,No Fatigue,No
2024-12-05 09:33:43,0.13,100.00,0.45,10,94.1446237411043,No Fatigue,No
2024-12-05 09:33:43,0.15,100.00,0.39,10,90.81845546168861,No Fatigue,No
2024-12-05 09:33:44,0.18,100.00,0.43,10,93.22452260651991,No Fatigue,No
2024-12-05 09:33:44,0.16,100.00,0.43,10,92.1475854282985,No Fatigue,No
2024-12-05 09:33:45,0.15,100.00,0.48,10,84.68545433005525,Fatigue Detected,No
2024-12-05 09:33:45,0.09,100.00,0.47,10,83.58121326976122,Fatigue Detected,No
2024-12-05 09:33:46,0.15,100.00,Obstructed,10,93.3664606634298,Hand Covering Mouth,Yes
2024-12-05 09:33:46,0.11,100.00,Obstructed,10,91.24536426676835,Hand Covering Mouth,Yes
2024-12-05 09:33:47,0.15,100.00,0.44,10,92.89857679928171,No Fatigue,No
2024-12-05 09:33:47,0.16,100.00,0.40,10,90.76389846093001,No Fatigue,No
2024-12-05 09:33:48,0.19,100.00,0.41,10,83.91147184580483,No Fatigue,No
2024-12-05 09:33:48,0.19,100.00,0.43,10,86.86364163166742,No Fatigue,No
2024-12-05 09:33:49,0.17,100.00,Obstructed,10,90.85509739626673,Hand Covering Mouth,Yes
2024-12-05 09:33:49,0.19,100.00,Obstructed,10,87.17287542183873,Hand Covering Mouth,Yes
2024-12-05 09:33:50,0.17,100.00,Obstructed,10,88.51213247117222,Hand Covering Mouth,Yes
2024-12-05 09:33:50,0.18,100.00,Obstructed,10,90.0,Hand Covering Mouth,Yes
2024-12-05 09:33:51,0.14,100.00,0.40,10,95.85601358542897,No Fatigue,No
2024-12-05 09:33:51,0.14,100.00,0.44,10,83.58915997976756,No Fatigue,No
2024-12-05 09:33:52,0.14,100.00,0.47,10,81.97276248956804,Fatigue Detected,No
2024-12-05 09:33:52,0.16,100.00,0.41,10,88.45184230102204,No Fatigue,No
2024-12-05 09:33:53,0.16,100.00,0.48,10,91.52752544221293,Fatigue Detected,No
2024-12-05 09:33:53,0.15,100.00,0.44,10,92.35329686610831,No Fatigue,No
2024-12-05 09:33:54,0.13,100.00,0.34,10,89.14490260373329,No Fatigue,No
2024-12-05 09:33:55,0.19,100.00,0.31,10,90.83031548625802,No Fatigue,No
2024-12-05 09:33:55,0.17,100.00,0.33,10,104.65675111576043,No Fatigue,No
2024-12-05 09:33:56,0.22,100.00,0.37,10,101.63363399894044,No Fatigue,No
2024-12-05 09:33:56,0.22,80.00,0.39,10,102.61932229343078,No Fatigue,No
2024-12-05 09:33:57,0.17,80.00,0.32,10,103.62699485989154,No Fatigue,No
2024-12-05 09:33:57,0.20,80.00,0.32,10,104.23728046576109,No Fatigue,No
2024-12-05 09:33:58,0.26,60.00,0.47,10,100.37584492005105,No Fatigue,No
2024-12-05 09:33:58,0.18,80.00,0.48,10,91.569354804749,Fatigue Detected,No
2024-12-05 09:33:59,0.19,80.00,0.46,10,88.40885972880542,Fatigue Detected,No
2024-12-05 09:34:00,0.22,100.00,0.43,10,89.2559407971113,No Fatigue,No
2024-12-05 09:34:00,0.17,100.00,0.45,10,93.01278750418334,No Fatigue,No
2024-12-05 09:34:01,0.18,100.00,0.45,10,98.68635458123666,No Fatigue,No
2024-12-05 09:34:01,0.18,100.00,0.46,10,97.90716270295846,Fatigue Detected,No
2024-12-05 09:34:02,0.18,100.00,0.42,10,92.45403167452707,No Fatigue,No
2024-12-05 09:34:02,0.13,100.00,0.42,10,92.45403167452707,No Fatigue,No
2024-12-05 09:34:03,0.09,100.00,0.37,10,86.58341180822866,No Fatigue,No
2024-12-05 09:34:03,0.21,100.00,0.35,10,75.74996730219641,No Fatigue,No
2024-12-05 09:34:04,0.14,80.00,Obstructed,10,86.82016988013577,Hand Covering Mouth,Yes
2024-12-05 09:34:04,0.19,80.00,0.50,10,86.68221883166515,Fatigue Detected,No
2024-12-05 09:34:05,0.13,36.67,0.34,10,94.46715906138927,No Fatigue,No
2024-12-05 09:34:05,0.32,33.33,0.28,10,100.78429786756261,No Fatigue,No
2024-12-05 09:34:06,0.33,10.00,Obstructed,10,93.46822925891715,Hand Covering Mouth,Yes
2024-12-05 09:34:06,0.32,10.00,Obstructed,10,95.27389595735177,Hand Covering Mouth,Yes
2024-12-05 09:34:07,0.26,10.00,Obstructed,10,92.72631099390628,Hand Covering Mouth,Yes
2024-12-05 09:34:07,0.31,6.67,0.37,10,91.76239102366053,No Fatigue,No
2024-12-05 09:34:08,0.29,20.00,0.36,10,87.95459151111278,No Fatigue,No
2024-12-05 09:34:08,0.27,20.00,0.35,10,90.97102193107918,No Fatigue,No
2024-12-05 09:34:09,0.17,43.33,0.56,10,81.65610841596691,No Fatigue,No
2024-12-05 09:34:09,0.18,53.33,0.56,10,85.12072621699328,No Fatigue,No
2024-12-05 09:34:10,0.21,100.00,0.57,10,88.51213247117222,Fatigue Detected,No
2024-12-05 09:34:10,0.22,100.00,0.55,10,89.2559407971113,Fatigue Detected,No
2024-12-05 09:34:11,0.16,100.00,0.58,10,88.00212014352333,Fatigue Detected,No
2024-12-05 09:34:11,0.15,100.00,0.45,10,85.10090754621224,No Fatigue,No
2024-12-05 09:34:12,0.12,96.67,0.39,10,88.26429541107161,No Fatigue,No
2024-12-05 09:34:12,0.24,93.33,0.35,10,90.0,No Fatigue,No
2024-12-05 09:34:13,0.09,90.00,0.29,10,92.6025622024998,No Fatigue,No
2024-12-05 09:34:14,0.13,93.33,0.21,10,89.13194855025446,No Fatigue,No
2024-12-05 09:34:14,0.27,93.33,0.41,10,95.35582504285519,No Fatigue,No
2024-12-05 09:34:15,0.30,76.67,0.31,10,97.23692202596801,No Fatigue,No
2024-12-05 09:34:15,0.09,33.33,0.33,10,96.54629078329404,No Fatigue,No
2024-12-05 09:34:16,0.19,33.33,0.34,10,96.6544250460066,No Fatigue,No
2024-12-05 09:34:16,0.24,46.67,0.30,10,90.97102193107918,No Fatigue,No
2024-12-05 09:34:17,0.26,40.00,0.31,10,92.86240522611175,No Fatigue,No
2024-12-05 09:34:19,0.21,33.33,0.35,10,84.64417495714481,No Fatigue,No
2024-12-05 09:34:20,0.13,73.33,0.75,10,91.6523046776513,Fatigue Detected,No
2024-12-05 09:34:21,0.26,86.67,0.45,10,91.76239102366053,No Fatigue,No
2024-12-05 09:34:22,0.23,53.33,0.37,10,94.61064931866062,No Fatigue,No
2024-12-05 09:34:23,0.22,40.00,0.38,10,89.11859600341786,No Fatigue,No
2024-12-05 09:34:24,0.26,40.00,0.42,10,93.46822925891715,No Fatigue,No
2024-12-05 09:34:25,0.25,53.33,0.27,10,93.63295073948821,No Fatigue,No
2024-12-05 09:34:26,0.26,33.33,0.43,10,95.1944289077348,No Fatigue,No
2024-12-05 09:34:27,0.24,30.00,0.44,10,96.05419189411484,No Fatigue,No
2024-12-05 09:34:28,0.27,23.33,0.35,10,95.52754015165618,No Fatigue,No
2024-12-05 09:34:29,0.24,10.00,0.43,10,97.01650174472292,No Fatigue,No
2024-12-05 09:34:30,0.27,3.33,0.45,10,94.33231398318851,No Fatigue,No
2024-12-05 09:34:31,0.28,6.67,0.43,10,96.14662565964667,No Fatigue,No
2024-12-05 09:34:32,0.23,6.67,0.38,10,96.24191434741505,No Fatigue,No
2024-12-05 09:34:33,0.26,3.33,0.35,10,94.53777250790665,No Fatigue,No
2024-12-05 09:34:34,0.25,16.67,0.31,10,97.23692202596801,No Fatigue,No
2024-12-05 09:34:35,0.27,16.67,0.31,10,94.68589983950271,No Fatigue,No
2024-12-05 09:34:36,0.29,16.67,0.29,10,93.75172907052598,No Fatigue,No
2024-12-05 09:34:38,N/A,N/A,N/A,N/A,N/A,No Face Detected,N/A
2024-12-05 09:34:39,0.21,16.67,0.41,10,90.0,No Fatigue,No
2024-12-05 09:34:40,0.18,53.33,0.58,10,98.45502767717745,No Fatigue,No
2024-12-05 09:34:41,0.23,83.33,0.37,10,91.8476102659946,No Fatigue,No
2024-12-05 09:34:42,0.11,83.33,0.33,10,82.27817419986903,No Fatigue,No
2024-12-05 09:34:43,0.26,63.33,0.33,10,85.98582430458899,No Fatigue,No
2024-12-05 09:34:44,0.27,36.67,Obstructed,10,89.13194855025446,Hand Covering Mouth,Yes
2024-12-05 09:34:45,0.27,10.00,0.43,10,82.76307797403199,No Fatigue,No
2024-12-05 09:34:46,0.26,6.67,0.22,10,87.18444331578877,No Fatigue,No
2024-12-05 09:34:47,0.26,10.00,0.23,10,87.13759477388825,No Fatigue,No
2024-12-05 09:34:48,0.14,33.33,0.25,10,89.06080905426442,No Fatigue,No
2024-12-05 09:34:49,0.25,36.67,0.25,10,87.13759477388825,No Fatigue,No
2024-12-05 09:34:50,0.24,36.67,0.25,10,86.18592516570965,No Fatigue,No
2024-12-05 09:34:51,0.27,26.67,0.27,10,87.13759477388825,No Fatigue,No
2024-12-05 09:34:52,0.28,26.67,0.28,10,88.05851360908562,No Fatigue,No
2024-12-05 09:34:53,0.26,20.00,0.27,10,85.23635830927383,No Fatigue,No
2024-12-05 09:34:54,0.10,46.67,0.29,10,87.13759477388825,No Fatigue,No
2024-12-05 09:34:55,0.20,70.00,0.47,10,100.30484646876603,No Fatigue,No
2024-12-05 09:34:57,0.15,100.00,0.36,10,98.3929251873925,No Fatigue,No
2024-12-05 09:34:58,0.16,100.00,0.35,10,99.61972779969886,No Fatigue,No
2024-12-05 09:34:59,0.21,100.00,0.25,10,85.23635830927383,No Fatigue,No
2024-12-05 09:35:00,0.11,90.00,0.44,10,85.60129464500447,No Fatigue,No
2024-12-05 09:35:01,0.21,90.00,0.43,10,102.92599912470595,No Fatigue,No
2024-12-05 09:35:02,0.17,90.00,0.43,10,99.30994017498604,No Fatigue,No
2024-12-05 09:35:03,0.17,100.00,0.33,10,99.95062668795161,No Fatigue,No
2024-12-05 09:35:04,0.18,100.00,0.33,10,100.73889710090545,No Fatigue,No
2024-12-05 09:35:05,0.18,96.67,0.35,10,101.6893691754392,No Fatigue,No
2024-12-05 09:35:06,0.16,96.67,0.33,10,100.92280471986926,No Fatigue,No
2024-12-05 09:35:07,0.25,96.67,0.25,10,102.63336193527502,No Fatigue,No
2024-12-05 09:35:08,0.20,96.67,0.40,10,101.30993247402021,No Fatigue,No
2024-12-05 09:35:09,0.28,60.00,0.29,10,83.3455749539934,No Fatigue,No
2024-12-05 09:35:10,0.28,36.67,0.28,10,84.28940686250037,No Fatigue,No
2024-12-05 09:35:11,0.27,10.00,0.31,10,85.3141001604973,No Fatigue,No
2024-12-05 09:35:12,0.26,43.33,0.25,10,92.91083782616775,No Fatigue,No
2024-12-05 09:35:13,0.30,46.67,0.25,10,91.94148639091439,No Fatigue,No
2024-12-05 09:35:14,0.28,40.00,0.26,10,91.97493401088198,No Fatigue,No
2024-12-05 09:35:15,0.27,23.33,0.26,10,89.02897806892084,No Fatigue,No
2024-12-05 09:35:16,0.27,20.00,0.31,10,88.05851360908562,No Fatigue,No
2024-12-05 09:35:17,0.29,13.33,0.28,10,89.01223960036019,No Fatigue,No
2024-12-05 09:35:18,0.27,23.33,0.29,10,91.97493401088198,No Fatigue,No
2024-12-05 09:35:19,0.27,26.67,0.26,10,90.0,No Fatigue,No
2024-12-05 09:35:20,0.26,33.33,0.29,10,91.00508600525419,No Fatigue,No
2024-12-05 09:35:21,0.28,23.33,0.29,10,92.00955381302114,No Fatigue,No
2024-12-05 09:35:23,0.28,10.00,0.27,10,90.0,No Fatigue,No
2024-12-05 09:35:24,0.26,3.33,0.29,10,90.0,No Fatigue,No
2024-12-05 09:35:25,0.29,10.00,0.28,10,92.00955381302114,No Fatigue,No
2024-12-05 09:35:26,0.29,16.67,0.28,10,90.0,No Fatigue,No
2024-12-05 09:35:27,0.22,16.67,0.29,10,92.00955381302114,No Fatigue,No
2024-12-05 09:35:28,0.26,10.00,0.27,10,91.00508600525419,No Fatigue,No
2024-12-05 09:35:29,0.26,10.00,0.29,10,90.98776039963981,No Fatigue,No
2024-12-05 09:35:30,0.27,6.67,0.29,10,89.01223960036019,No Fatigue,No
2024-12-05 09:35:31,0.18,30.00,0.29,10,90.0,No Fatigue,No
2024-12-05 09:35:32,0.20,63.33,0.28,10,90.0,No Fatigue,No
2024-12-05 09:35:33,0.26,80.00,0.29,10,90.0,No Fatigue,No
2024-12-05 09:35:34,0.23,63.33,0.29,9,90.98776039963981,No Fatigue,No
2024-12-05 09:35:35,0.26,26.67,0.27,9,91.97493401088198,No Fatigue,No
2024-12-05 09:35:36,0.28,13.33,0.27,9,90.0,No Fatigue,No
2024-12-05 09:35:37,0.27,3.33,0.27,9,89.01223960036019,No Fatigue,No
2024-12-05 09:35:38,0.23,3.33,0.16,8,91.00508600525419,No Fatigue,No
2024-12-05 09:35:39,0.24,6.67,0.25,7,88.99491399474583,No Fatigue,No
2024-12-05 09:35:40,0.26,13.33,0.26,6,89.01223960036019,No Fatigue,No
2024-12-05 09:35:41,0.26,20.00,0.25,6,88.99491399474583,No Fatigue,No
2024-12-05 09:35:42,0.29,16.67,0.26,6,87.99044618697886,No Fatigue,No
2024-12-05 09:35:44,0.23,23.33,0.15,6,89.01223960036019,No Fatigue,No
2024-12-05 09:35:45,0.26,23.33,0.24,6,88.02506598911803,No Fatigue,No
2024-12-05 09:35:46,0.29,23.33,0.25,6,88.05851360908562,No Fatigue,No
2024-12-05 09:35:47,0.24,13.33,0.36,7,85.3893506813394,No Fatigue,No
2024-12-05 09:35:48,0.17,36.67,0.31,8,90.0,No Fatigue,No
2024-12-05 09:35:49,0.11,73.33,0.36,8,93.63295073948821,No Fatigue,No
2024-12-05 09:35:50,0.18,90.00,0.42,8,108.69898280418113,No Fatigue,No
2024-12-05 09:35:51,0.20,96.67,0.41,8,107.87869659584133,No Fatigue,No
2024-12-05 09:35:52,0.19,96.67,0.40,9,106.53483785734517,No Fatigue,No
2024-12-05 09:35:53,0.17,100.00,0.38,9,105.94539590092286,No Fatigue,No
2024-12-05 09:35:54,0.14,100.00,0.41,9,100.45990909292914,No Fatigue,No
2024-12-05 09:35:55,0.18,100.00,0.38,8,91.81830296445185,No Fatigue,No
2024-12-05 09:35:56,0.12,100.00,0.43,7,93.17983011986423,No Fatigue,No
2024-12-05 09:35:57,0.13,100.00,0.52,9,92.26050191114128,Fatigue Detected,No
2024-12-05 09:35:58,0.12,100.00,0.43,10,82.1998121158183,No Fatigue,No
2024-12-05 09:35:59,0.10,100.00,0.57,10,93.74298829568714,Fatigue Detected,No
2024-12-05 09:36:00,0.18,100.00,0.40,10,96.70983680775694,No Fatigue,No
2024-12-05 09:36:01,0.18,100.00,0.41,10,98.3658861240326,No Fatigue,No
2024-12-05 09:36:03,0.14,100.00,0.29,10,78.51800864525191,No Fatigue,No
2024-12-05 09:36:04,0.16,100.00,0.37,10,96.14662565964667,No Fatigue,No
2024-12-05 09:36:05,0.14,100.00,0.29,10,98.13010235415598,No Fatigue,No
2024-12-05 09:36:06,0.19,100.00,0.40,10,102.3390872783262,No Fatigue,No
2024-12-05 09:36:07,0.17,100.00,0.38,10,103.19061071220685,No Fatigue,No
2024-12-05 09:36:08,0.16,100.00,0.52,10,101.02345596374315,Fatigue Detected,No
2024-12-05 09:36:09,0.16,100.00,0.51,10,100.88552705465874,Fatigue Detected,No
2024-12-05 09:36:10,0.12,100.00,0.47,10,104.93141717813755,Fatigue Detected,No
2024-12-05 09:36:11,0.14,100.00,0.52,10,104.93141717813755,Fatigue Detected,No
2024-12-05 09:36:12,0.12,100.00,0.48,10,102.77124256490144,Fatigue Detected,No
2024-12-05 09:36:13,0.14,100.00,0.48,10,104.21585347367355,Fatigue Detected,No
2024-12-05 09:36:14,0.12,100.00,0.42,10,105.12400730831057,No Fatigue,No
2024-12-05 09:36:15,0.12,100.00,0.36,10,106.47688139368798,No Fatigue,No
2024-12-05 09:36:16,0.15,100.00,0.46,10,104.74356283647074,Fatigue Detected,No
2024-12-05 09:36:17,0.14,100.00,0.52,10,96.66665989090137,Fatigue Detected,No
2024-12-05 09:36:18,0.14,100.00,0.52,10,95.33215888165957,Fatigue Detected,No
2024-12-05 09:36:19,0.11,100.00,0.48,10,95.55297103303681,Fatigue Detected,No
2024-12-05 09:36:21,0.14,100.00,0.43,10,98.56914187983764,No Fatigue,No
2024-12-05 09:36:22,0.16,100.00,0.39,10,100.8230112262071,No Fatigue,No
2024-12-05 09:36:22,0.19,100.00,0.41,10,100.15426658020027,No Fatigue,No
2024-12-05 09:36:23,0.17,96.67,0.40,10,100.00797980144135,No Fatigue,No
2024-12-05 09:36:23,0.14,96.67,0.46,10,100.37584492005105,Fatigue Detected,No
2024-12-05 09:36:24,0.18,96.67,0.51,10,98.9726266148964,Fatigue Detected,No
2024-12-05 09:36:24,0.15,96.67,0.53,10,99.09027692082232,Fatigue Detected,No
2024-12-05 09:36:25,0.15,100.00,0.42,10,98.45502767717745,No Fatigue,No
2024-12-05 09:36:25,0.13,100.00,0.43,10,98.45502767717745,No Fatigue,No
2024-12-05 09:36:26,0.14,100.00,0.50,10,96.48307369289724,Fatigue Detected,No
2024-12-05 09:36:26,0.07,100.00,0.45,10,92.02136494035602,No Fatigue,No
2024-12-05 09:36:27,0.15,100.00,0.43,10,85.34664841273162,No Fatigue,No
2024-12-05 09:36:27,0.13,100.00,0.48,10,93.32740424172657,Fatigue Detected,No
2024-12-05 09:36:28,0.14,100.00,0.39,10,118.24973549497427,No Fatigue,No
2024-12-05 09:36:28,0.11,100.00,0.36,10,114.19320898728877,No Fatigue,No
2024-12-05 09:36:29,N/A,N/A,N/A,N/A,N/A,No Face Detected,N/A
2024-12-05 09:36:29,N/A,N/A,N/A,N/A,N/A,No Face Detected,N/A
2024-12-05 09:36:30,0.10,100.00,0.45,10,82.30394827798344,Fatigue Detected,No
2024-12-05 09:36:30,0.14,100.00,0.46,10,85.16958004171006,Fatigue Detected,No
2024-12-05 09:36:31,0.09,100.00,0.43,10,101.4587523458772,No Fatigue,No
2024-12-05 09:36:31,0.15,100.00,0.42,10,101.76828893202065,No Fatigue,No
2024-12-05 09:36:32,0.19,90.00,Obstructed,10,89.4694986833262,Hand Covering Mouth,Yes
2024-12-05 09:36:33,0.17,90.00,Obstructed,10,90.0,Hand Covering Mouth,Yes
2024-12-05 09:36:33,0.13,90.00,0.43,10,95.79279649503216,No Fatigue,No
2024-12-05 09:36:34,0.18,90.00,0.43,10,105.8323866204222,No Fatigue,No
2024-12-05 09:36:34,0.16,100.00,0.48,10,90.80692945510238,Fatigue Detected,No
2024-12-05 09:36:35,0.05,100.00,0.45,10,81.75367918553147,No Fatigue,No
2024-12-05 09:36:36,0.15,100.00,0.40,10,68.96248897457819,No Fatigue,No
2024-12-05 09:36:36,0.13,100.00,0.41,10,75.55596427550776,No Fatigue,No
2024-12-05 09:36:37,0.24,86.67,0.32,10,89.02897806892084,No Fatigue,No
2024-12-05 09:36:37,0.27,63.33,0.39,10,93.69138598645128,No Fatigue,No
2024-12-05 09:36:38,0.22,53.33,0.39,10,72.71850162818336,No Fatigue,No
2024-12-05 09:36:38,0.35,33.33,0.51,10,64.61209370890407,No Fatigue,No
2024-12-05 09:36:39,0.20,30.00,0.33,10,75.67728002179645,No Fatigue,No
2024-12-05 09:36:39,0.26,23.33,0.38,10,59.85861444792466,No Fatigue,No
2024-12-05 09:36:40,0.34,30.00,0.43,10,69.81419699053515,No Fatigue,No
2024-12-05 09:36:40,0.33,16.67,0.37,10,75.1243179983612,No Fatigue,No
2024-12-05 09:36:41,0.29,23.33,0.49,10,81.5110561194953,No Fatigue,No
2024-12-05 09:36:41,0.28,13.33,0.47,10,83.08877288097531,No Fatigue,No
2024-12-05 09:36:42,0.25,23.33,0.38,10,86.69813432556501,No Fatigue,No
2024-12-05 09:36:42,0.31,20.00,0.41,10,75.96375653207353,No Fatigue,No
2024-12-05 09:36:43,0.29,33.33,0.49,10,75.52970589993411,No Fatigue,No
2024-12-05 09:36:43,0.26,30.00,0.44,10,76.65127288671262,No Fatigue,No
2024-12-05 09:36:44,0.28,30.00,0.40,10,75.73548770192009,No Fatigue,No
2024-12-05 09:36:44,0.28,16.67,0.35,10,76.80938928779315,No Fatigue,No
2024-12-05 09:36:45,0.31,13.33,0.39,10,73.81079374297306,No Fatigue,No
2024-12-05 09:36:46,0.31,20.00,0.36,10,70.70995378081128,No Fatigue,No
2024-12-05 09:36:46,0.30,20.00,0.30,10,73.20162821869471,No Fatigue,No
2024-12-05 09:36:47,N/A,N/A,N/A,N/A,N/A,No Face Detected,N/A
2024-12-05 09:36:47,0.22,30.00,Obstructed,10,85.60129464500447,Hand Covering Mouth,Yes
2024-12-05 09:36:48,0.23,30.00,Obstructed,10,84.12260739335687,Hand Covering Mouth,Yes
2024-12-05 09:36:48,0.16,23.33,Obstructed,10,87.54596832547293,Hand Covering Mouth,Yes
2024-12-05 09:36:49,0.30,33.33,0.31,10,83.23382517744695,No Fatigue,No
2024-12-05 09:36:49,0.25,30.00,0.38,10,76.65127288671262,No Fatigue,No
2024-12-05 09:36:50,0.28,26.67,0.22,10,75.3026807204881,No Fatigue,No
2024-12-05 09:36:50,0.32,23.33,0.19,10,70.40771810894847,No Fatigue,No
2024-12-05 09:36:51,0.27,26.67,0.43,10,86.24827092947402,No Fatigue,No
2024-12-05 09:36:52,0.14,26.67,0.45,10,88.12212255271464,No Fatigue,No
2024-12-05 09:36:52,0.26,23.33,0.42,10,89.04515874612783,No Fatigue,No
2024-12-05 09:36:53,0.24,33.33,0.46,10,91.8476102659946,No Fatigue,No
2024-12-05 09:36:53,0.16,53.33,0.43,10,100.22216863363613,No Fatigue,No
2024-12-05 09:36:54,0.18,70.00,0.44,10,97.59464336859145,No Fatigue,No
2024-12-05 09:36:54,0.18,83.33,0.42,10,98.67317404787977,No Fatigue,No
2024-12-05 09:36:55,0.20,96.67,0.50,10,97.23692202596801,Fatigue Detected,No
2024-12-05 09:36:55,0.18,96.67,0.44,10,93.87852450284771,No Fatigue,No
2024-12-05 09:36:56,0.23,93.33,0.41,10,94.61064931866062,No Fatigue,No
2024-12-05 09:36:56,0.22,83.33,0.42,10,95.61758059012683,No Fatigue,No
2024-12-05 09:36:57,0.20,83.33,0.46,10,95.11731484997264,Fatigue Detected,No
2024-12-05 09:36:57,0.28,73.33,0.43,10,97.59464336859145,No Fatigue,No
2024-12-05 09:36:58,0.26,50.00,0.38,10,96.88172363063696,No Fatigue,No
2024-12-05 09:36:59,0.25,43.33,0.39,10,92.09525256462385,No Fatigue,No
2024-12-05 09:36:59,0.23,20.00,0.29,10,95.9061411137705,No Fatigue,No
2024-12-05 09:37:00,0.27,3.33,0.26,10,93.0664855011259,No Fatigue,No
2024-12-05 09:37:00,0.27,3.33,0.29,10,92.00955381302114,No Fatigue,No
2024-12-05 09:37:01,0.24,3.33,0.29,10,93.01278750418334,No Fatigue,No
2024-12-05 09:37:01,0.29,3.33,0.29,10,94.01417569541103,No Fatigue,No
2024-12-05 09:37:02,0.30,3.33,0.29,10,92.04540848888723,No Fatigue,No
2024-12-05 09:37:02,0.14,10.00,0.29,10,92.04540848888723,No Fatigue,No
2024-12-05 09:37:03,0.27,16.67,0.29,10,92.04540848888723,No Fatigue,No
2024-12-05 09:37:03,0.30,16.67,0.29,10,93.1221304621157,No Fatigue,No
2024-12-05 09:37:04,0.28,23.33,0.29,10,92.08256527973089,No Fatigue,No
2024-12-05 09:37:04,0.15,33.33,0.37,10,89.10482628978893,No Fatigue,No
2024-12-05 09:37:05,N/A,N/A,N/A,N/A,N/A,No Face Detected,N/A
2024-12-05 09:37:05,0.31,30.00,0.42,10,88.09084756700362,No Fatigue,No
2024-12-05 09:37:06,0.29,33.33,0.24,10,96.24191434741505,No Fatigue,No
2024-12-05 09:37:06,0.25,26.67,0.22,10,97.32640666016954,No Fatigue,No
2024-12-05 09:37:07,0.23,33.33,0.41,10,99.00850374202516,No Fatigue,No
2024-12-05 09:37:08,0.28,36.67,0.25,10,90.0,No Fatigue,No
2024-12-05 09:37:08,0.14,36.67,0.26,10,86.47854662307776,No Fatigue,No
2024-12-05 09:37:09,0.25,33.33,0.25,10,83.29016319224307,No Fatigue,No
2024-12-05 09:37:09,0.16,36.67,0.26,10,86.53177074108285,No Fatigue,No
2024-12-05 09:37:10,0.17,40.00,0.26,10,82.76307797403199,No Fatigue,No
2024-12-05 09:37:10,0.20,76.67,0.28,10,86.3670492605118,No Fatigue,No
2024-12-05 09:37:11,0.20,93.33,0.35,10,89.14490260373329,No Fatigue,No
2024-12-05 09:37:11,0.18,96.67,0.32,10,87.31622484053102,No Fatigue,No
2024-12-05 09:37:12,0.19,96.67,0.38,10,84.72610404264823,No Fatigue,No
2024-12-05 09:37:12,0.23,100.00,0.42,10,83.85337434035333,No Fatigue,No
2024-12-05 09:37:13,0.26,83.33,0.37,10,82.4605548604907,No Fatigue,No
2024-12-05 09:37:13,0.10,50.00,0.39,10,82.5685920288275,No Fatigue,No
2024-12-05 09:37:14,0.20,53.33,0.38,10,83.08877288097531,No Fatigue,No
2024-12-05 09:37:14,0.26,73.33,0.40,10,83.94580810588516,No Fatigue,No
2024-12-05 09:37:15,0.31,50.00,0.38,10,83.85337434035333,No Fatigue,No
2024-12-05 09:37:15,0.18,33.33,0.35,10,89.09061955080087,No Fatigue,No
2024-12-05 09:37:16,0.19,60.00,0.31,10,90.0,No Fatigue,No
2024-12-05 09:37:16,0.20,90.00,0.30,10,88.12212255271464,No Fatigue,No
2024-12-05 09:37:17,0.18,96.67,0.33,10,90.0,No Fatigue,No
2024-12-05 09:37:17,0.22,96.67,0.28,10,89.09061955080087,No Fatigue,No
2024-12-05 09:37:18,0.20,96.67,0.35,10,87.31622484053102,No Fatigue,No
2024-12-05 09:37:19,0.21,100.00,0.32,10,90.0,No Fatigue,No
2024-12-05 09:37:19,0.21,100.00,0.34,10,88.15238973400541,No Fatigue,No
2024-12-05 09:37:20,0.18,100.00,0.35,10,84.47245984834383,No Fatigue,No
2024-12-05 09:37:20,0.19,100.00,0.33,10,85.46222749209335,No Fatigue,No
2024-12-05 09:37:21,0.20,100.00,0.33,10,86.18592516570965,No Fatigue,No
2024-12-05 09:37:21,0.26,90.00,0.34,10,87.39743779750019,No Fatigue,No
2024-12-05 09:37:22,0.21,66.67,0.28,10,88.29018595585848,No Fatigue,No
2024-12-05 09:37:22,0.20,53.33,0.29,10,92.56377021146501,No Fatigue,No
2024-12-05 09:37:23,0.27,43.33,0.44,10,88.26429541107161,No Fatigue,No
2024-12-05 09:37:23,0.26,36.67,0.59,10,91.16913932790742,No Fatigue,No
2024-12-05 09:37:24,0.27,50.00,0.38,10,90.0,No Fatigue,No
2024-12-05 09:37:24,0.20,53.33,0.40,10,95.27389595735177,No Fatigue,No
2024-12-05 09:37:25,0.18,30.00,0.29,10,90.89517371021107,No Fatigue,No
2024-12-05 09:37:25,0.13,46.67,0.34,10,92.64254529406472,No Fatigue,No
2024-12-05 09:37:26,0.20,86.67,0.37,10,85.73210669970919,No Fatigue,No
2024-12-05 09:37:26,0.12,80.00,0.60,10,78.04341575685088,Fatigue Detected,No
2024-12-05 09:37:27,0.18,83.33,0.32,10,80.98067756861832,No Fatigue,No
2024-12-05 09:37:27,0.22,86.67,0.33,10,82.9834982552771,No Fatigue,No
2024-12-05 09:37:28,0.13,80.00,0.38,10,80.24757505834621,No Fatigue,No
2024-12-05 09:37:28,0.21,83.33,0.40,10,85.66768601681149,No Fatigue,No
2024-12-05 09:37:29,0.15,90.00,0.35,10,83.08877288097531,No Fatigue,No
2024-12-05 09:37:30,0.22,90.00,0.36,10,83.85337434035333,No Fatigue,No
2024-12-05 09:37:30,0.29,56.67,0.35,10,84.55966796899449,No Fatigue,No
2024-12-05 09:37:31,0.11,50.00,0.50,10,84.66784111834045,No Fatigue,No
2024-12-05 09:37:31,0.26,46.67,0.40,10,83.1909498203866,No Fatigue,No
2024-12-05 09:37:32,0.13,40.00,0.35,10,84.8055710922652,No Fatigue,No
2024-12-05 09:37:32,0.12,30.00,0.42,10,90.85509739626673,No Fatigue,No
2024-12-05 09:37:33,0.28,40.00,0.36,10,90.89517371021107,No Fatigue,No
2024-12-05 09:37:33,0.26,33.33,0.48,10,90.69027719786507,No Fatigue,No
2024-12-05 09:37:34,0.19,13.33,0.40,10,90.79572355273929,No Fatigue,No
2024-12-05 09:37:34,0.31,23.33,0.43,10,88.61964592655556,No Fatigue,No
2024-12-05 09:37:35,0.27,13.33,0.40,10,87.436229788535,No Fatigue,No
2024-12-05 09:37:36,0.31,0.00,0.31,10,88.33971763101721,No Fatigue,No
2024-12-05 09:37:36,0.29,0.00,0.44,10,88.36342295838328,No Fatigue,No
2024-12-05 09:37:37,0.29,16.67,0.39,10,88.29018595585848,No Fatigue,No
2024-12-05 09:37:37,0.29,16.67,0.33,10,89.11859600341786,No Fatigue,No
2024-12-05 09:37:38,0.29,16.67,0.39,10,89.169684513742,No Fatigue,No
2024-12-05 09:37:38,0.29,0.00,0.40,10,89.14490260373329,No Fatigue,No
2024-12-05 09:37:39,0.29,10.00,0.38,10,85.73210669970919,No Fatigue,No
2024-12-05 09:37:39,0.12,20.00,0.42,10,89.15747573925958,No Fatigue,No
2024-12-05 09:37:40,0.30,20.00,0.40,10,87.39743779750019,No Fatigue,No
2024-12-05 09:37:40,0.32,16.67,0.41,10,85.73210669970919,No Fatigue,No
2024-12-05 09:37:41,0.30,6.67,0.27,10,87.31622484053102,No Fatigue,No
2024-12-05 09:37:41,0.31,6.67,0.20,10,89.11859600341786,No Fatigue,No
2024-12-05 09:37:42,0.30,13.33,0.23,10,87.39743779750019,No Fatigue,No
2024-12-05 09:37:42,0.19,30.00,0.21,10,85.73210669970919,No Fatigue,No
2024-12-05 09:37:43,0.28,26.67,0.23,10,86.42366562500266,No Fatigue,No
2024-12-05 09:37:43,0.28,20.00,0.19,10,86.47854662307776,No Fatigue,No
2024-12-05 09:37:44,0.26,16.67,0.20,10,84.64417495714481,No Fatigue,No
2024-12-05 09:37:44,0.27,16.67,0.18,10,84.55966796899449,No Fatigue,No
2024-12-05 09:37:45,0.26,16.67,0.22,10,84.47245984834383,No Fatigue,No
2024-12-05 09:37:45,0.26,16.67,0.23,10,83.6598082540901,No Fatigue,No
2024-12-05 09:37:46,0.27,30.00,0.26,10,84.55966796899449,No Fatigue,No
2024-12-05 09:37:46,0.16,23.33,0.26,10,85.3893506813394,No Fatigue,No
2024-12-05 09:37:47,0.28,16.67,0.24,10,83.6598082540901,No Fatigue,No
2024-12-05 09:37:47,0.30,16.67,0.26,10,84.47245984834383,No Fatigue,No
2024-12-05 09:37:48,0.29,0.00,0.24,10,83.6598082540901,No Fatigue,No
2024-12-05 09:37:49,0.27,0.00,0.26,10,84.47245984834383,No Fatigue,No
2024-12-05 09:37:49,0.27,3.33,0.26,10,82.64762064010765,No Fatigue,No
2024-12-05 09:37:50,0.27,3.33,0.31,10,82.76307797403199,No Fatigue,No
2024-12-05 09:37:50,0.13,3.33,0.36,10,82.23483398157467,No Fatigue,No
2024-12-05 09:37:51,0.26,16.67,0.35,10,83.75808565258495,No Fatigue,No
2024-12-05 09:37:51,0.25,40.00,0.32,10,81.99527114270714,No Fatigue,No
2024-12-05 09:37:52,0.20,33.33,0.32,10,82.76307797403199,No Fatigue,No
2024-12-05 09:37:52,0.26,40.00,0.32,10,82.64762064010765,No Fatigue,No
2024-12-05 09:37:53,0.14,33.33,0.32,10,81.74056202012119,No Fatigue,No
2024-12-05 09:37:53,0.24,13.33,0.39,10,81.2538377374448,No Fatigue,No
2024-12-05 09:37:54,0.26,33.33,0.46,10,79.69515353123397,No Fatigue,No
2024-12-05 09:37:54,0.11,36.67,0.43,10,81.2538377374448,No Fatigue,No
2024-12-05 09:37:55,0.25,36.67,0.32,10,79.38034472384487,No Fatigue,No
2024-12-05 09:37:55,0.23,13.33,0.43,10,79.69515353123397,No Fatigue,No
2024-12-05 09:37:56,0.12,16.67,0.35,10,81.3843518158359,No Fatigue,No
2024-12-05 09:37:56,0.29,26.67,0.41,10,84.88268515002737,No Fatigue,No
2024-12-05 09:37:57,0.30,23.33,0.40,10,86.72951207681645,No Fatigue,No
2024-12-05 09:37:58,0.13,10.00,0.39,10,86.47854662307776,No Fatigue,No
2024-12-05 09:37:58,0.26,13.33,0.37,10,83.85337434035333,No Fatigue,No
2024-12-05 09:37:59,0.27,20.00,0.35,10,81.99527114270714,No Fatigue,No
2024-12-05 09:37:59,0.27,20.00,0.36,10,85.79464299829141,No Fatigue,No
2024-12-05 09:38:00,0.25,6.67,0.38,10,83.94580810588516,No Fatigue,No
2024-12-05 09:38:00,0.28,0.00,0.38,10,82.9834982552771,No Fatigue,No
2024-12-05 09:38:01,0.30,0.00,0.35,10,87.35745470593528,No Fatigue,No
2024-12-05 09:38:01,0.29,0.00,0.38,10,86.58341180822866,No Fatigue,No
2024-12-05 09:38:02,0.13,40.00,0.36,10,87.31622484053102,No Fatigue,No
2024-12-05 09:38:02,0.14,63.33,0.34,10,88.21008939175394,No Fatigue,No
2024-12-05 09:38:03,0.27,96.67,0.37,10,90.0,No Fatigue,No
2024-12-05 09:38:03,0.28,73.33,0.34,10,90.0,No Fatigue,No
2024-12-05 09:38:04,0.30,43.33,0.33,10,90.0,No Fatigue,No
2024-12-05 09:38:04,0.27,20.00,0.41,10,88.29018595585848,No Fatigue,No
2024-12-05 09:38:05,0.18,40.00,0.37,10,89.10482628978893,No Fatigue,No
2024-12-05 09:38:05,0.21,66.67,0.35,10,88.18169703554817,No Fatigue,No
2024-12-05 09:38:06,0.21,83.33,0.36,10,88.18169703554817,No Fatigue,No
2024-12-05 09:38:06,0.21,93.33,0.31,10,89.09061955080087,No Fatigue,No
2024-12-05 09:38:07,0.26,76.67,0.35,10,88.18169703554817,No Fatigue,No
2024-12-05 09:38:07,0.28,33.33,0.33,10,86.3670492605118,No Fatigue,No
2024-12-05 09:38:08,0.29,0.00,0.35,10,86.42366562500266,No Fatigue,No
2024-12-05 09:38:09,0.28,0.00,0.38,10,90.0,No Fatigue,No
2024-12-05 09:38:09,0.31,0.00,0.37,10,90.0,No Fatigue,No
2024-12-05 09:38:10,0.18,23.33,0.36,10,90.0,No Fatigue,No
2024-12-05 09:38:10,0.25,30.00,0.35,10,89.14490260373329,No Fatigue,No
2024-12-05 09:38:11,0.13,26.67,0.38,10,90.0,No Fatigue,No
2024-12-05 09:38:11,0.26,20.00,0.35,10,90.0,No Fatigue,No
2024-12-05 09:38:12,0.25,20.00,0.38,10,89.169684513742,No Fatigue,No
2024-12-05 09:38:12,0.25,6.67,0.40,10,86.63353933657021,No Fatigue,No
2024-12-05 09:38:13,0.32,33.33,0.44,10,114.82934658814962,No Fatigue,No
2024-12-05 09:38:13,N/A,N/A,N/A,N/A,N/A,No Face Detected,N/A
2024-12-05 09:38:14,0.17,50.00,0.32,10,85.15599962491933,No Fatigue,No
2024-12-05 09:38:14,0.27,60.00,0.35,10,65.77225468204583,No Fatigue,No
2024-12-05 09:38:15,0.27,33.33,0.27,10,82.18470645323312,No Fatigue,No
2024-12-05 09:38:15,0.33,30.00,0.36,10,73.14160123226172,No Fatigue,No
2024-12-05 09:38:16,0.23,20.00,0.45,10,108.18904569965132,No Fatigue,No
2024-12-05 09:38:16,0.22,23.33,0.42,10,101.4695303328669,No Fatigue,No
2024-12-05 09:38:17,0.25,46.67,0.39,10,89.21517539700811,No Fatigue,No
2024-12-05 09:38:17,0.25,40.00,0.40,10,89.15747573925958,No Fatigue,No
2024-12-05 10:07:06,0.31,0.00,0.29,0,93.87852450284771,No Fatigue,No
2024-12-05 10:07:07,0.26,0.00,0.29,0,93.81407483429037,No Fatigue,No
2024-12-05 10:07:08,0.27,0.00,0.30,0,93.81407483429037,No Fatigue,No
2024-12-05 10:07:09,0.23,0.00,0.27,0,91.8476102659946,No Fatigue,No
2024-12-05 10:07:10,0.24,0.00,0.29,0,94.76364169072617,No Fatigue,No
2024-12-05 10:07:11,0.24,0.00,0.28,0,92.81555668421123,No Fatigue,No
2024-12-05 10:07:12,0.24,6.67,Obstructed,1,86.33221194446858,Hand Covering Mouth,Yes
2024-12-05 10:07:13,0.27,10.00,0.27,1,93.81407483429037,No Fatigue,No
2024-12-05 10:07:14,0.25,10.00,0.29,1,92.86240522611175,No Fatigue,No
2024-12-05 10:07:15,0.18,13.33,0.30,1,91.87787744728536,No Fatigue,No
2024-12-05 10:07:16,0.31,10.00,0.29,1,97.59464336859145,No Fatigue,No
2024-12-05 10:07:17,0.31,10.00,0.28,1,94.76364169072617,No Fatigue,No
2024-12-05 10:07:18,0.22,13.33,0.31,1,93.87852450284771,No Fatigue,No
2024-12-05 10:07:19,0.30,13.33,0.30,1,95.9061411137705,No Fatigue,No
2024-12-05 10:07:20,0.23,13.33,0.27,1,95.80672690553158,No Fatigue,No
2024-12-05 10:07:21,0.31,0.00,0.29,1,96.88172363063696,No Fatigue,No
2024-12-05 10:07:22,0.29,0.00,0.29,1,97.85331330197822,No Fatigue,No
2024-12-05 10:07:23,0.14,23.33,0.30,2,93.87852450284771,No Fatigue,No
2024-12-05 10:07:24,0.31,30.00,0.40,2,95.1944289077348,No Fatigue,No
2024-12-05 10:07:25,0.30,13.33,0.47,4,95.71059313749964,No Fatigue,No
2024-12-05 10:07:26,0.32,3.33,0.36,4,95.61758059012683,No Fatigue,No
2024-12-05 10:07:27,0.30,3.33,0.41,5,94.26789330029081,No Fatigue,No
2024-12-05 10:07:28,0.31,3.33,0.27,6,95.80672690553158,No Fatigue,No
2024-12-05 10:07:29,0.28,6.67,0.41,7,96.91122711902469,No Fatigue,No
2024-12-05 10:07:31,0.32,6.67,0.52,8,94.02826366648515,No Fatigue,No
2024-12-05 10:07:32,0.32,0.00,0.43,9,95.1944289077348,No Fatigue,No
2024-12-05 10:07:33,0.31,0.00,0.40,10,95.35582504285519,No Fatigue,No
2024-12-05 10:07:34,0.32,0.00,0.42,10,94.46715906138927,No Fatigue,No
2024-12-05 10:07:35,0.30,0.00,0.41,10,94.33231398318851,No Fatigue,No
2024-12-05 10:07:36,0.31,0.00,0.44,10,96.3401917459099,No Fatigue,No
2024-12-05 10:07:37,0.28,0.00,0.35,10,95.71059313749964,No Fatigue,No
2024-12-05 10:07:38,0.29,0.00,0.33,10,93.63295073948821,No Fatigue,No
2024-12-05 10:07:39,0.30,0.00,0.27,10,93.75172907052598,No Fatigue,No
2024-12-05 10:07:40,0.27,0.00,0.33,10,92.86240522611175,No Fatigue,No
2024-12-05 10:07:41,0.30,0.00,0.26,10,94.92710994764901,No Fatigue,No
2024-12-05 10:07:42,0.29,3.33,0.29,10,97.59464336859145,No Fatigue,No
2024-12-05 10:07:43,0.32,3.33,0.29,10,100.73889710090545,No Fatigue,No
2024-12-05 10:07:44,0.28,0.00,0.37,10,96.54629078329404,No Fatigue,No
2024-12-05 10:07:45,0.31,10.00,0.37,10,97.23692202596801,No Fatigue,No
2024-12-05 10:07:46,0.31,10.00,0.29,10,99.61972779969886,No Fatigue,No
2024-12-05 10:07:47,0.15,16.67,0.28,10,97.1250163489018,No Fatigue,No
2024-12-05 10:07:48,0.31,16.67,0.34,10,96.6544250460066,No Fatigue,No
2024-12-05 10:07:49,0.25,16.67,0.42,10,95.27389595735177,No Fatigue,No
2024-12-05 10:07:50,0.26,0.00,0.38,10,100.98065001017355,No Fatigue,No
2024-12-05 10:07:51,0.28,3.33,0.26,10,95.9061411137705,No Fatigue,No
2024-12-05 10:07:52,0.31,3.33,0.35,10,97.1250163489018,No Fatigue,No
2024-12-05 10:07:53,0.29,0.00,0.45,10,95.87739260664314,No Fatigue,No
2024-12-05 10:07:54,0.31,0.00,0.45,10,93.52145337692225,No Fatigue,No
2024-12-05 10:07:55,0.31,3.33,0.29,10,88.12212255271464,No Fatigue,No
2024-12-05 10:07:56,0.23,10.00,0.30,10,89.11859600341786,No Fatigue,No
2024-12-05 10:07:57,0.30,10.00,0.31,10,92.683775159469,No Fatigue,No
2024-12-05 10:07:59,0.29,10.00,0.29,10,91.81830296445185,No Fatigue,No
2024-12-05 10:08:00,0.24,10.00,0.27,10,91.76239102366053,No Fatigue,No
2024-12-05 10:08:01,0.27,10.00,Obstructed,10,91.76239102366053,Hand Covering Mouth,Yes
2024-12-05 10:08:02,0.30,10.00,Obstructed,10,91.87787744728536,Hand Covering Mouth,Yes
2024-12-05 10:08:03,0.28,3.33,0.32,10,95.35582504285519,No Fatigue,No
2024-12-05 10:08:04,0.30,0.00,0.30,10,90.90938044919915,No Fatigue,No
2024-12-05 10:08:05,0.27,0.00,Obstructed,10,90.0,Hand Covering Mouth,Yes
2024-12-05 10:08:06,0.28,0.00,Obstructed,10,90.90938044919915,Hand Covering Mouth,Yes
2024-12-05 10:08:07,0.31,0.00,Obstructed,10,91.76239102366053,Hand Covering Mouth,Yes
2024-12-05 10:08:08,0.31,0.00,0.27,10,94.26789330029081,No Fatigue,No
2024-12-05 10:08:09,0.29,0.00,0.27,10,91.81830296445185,No Fatigue,No
2024-12-05 10:08:10,0.31,0.00,0.26,10,96.3401917459099,No Fatigue,No
2024-12-05 10:08:11,0.30,0.00,0.29,10,94.39870535499554,No Fatigue,No
2024-12-05 10:08:12,0.27,0.00,0.33,10,91.78991060824607,No Fatigue,No
2024-12-05 10:08:13,0.26,0.00,Obstructed,10,92.45403167452707,Hand Covering Mouth,Yes
2024-12-05 10:08:14,0.28,0.00,Obstructed,10,92.23117460803125,Hand Covering Mouth,Yes
2024-12-05 10:08:15,0.29,0.00,Obstructed,10,91.46880071438582,Hand Covering Mouth,Yes
2024-12-05 10:08:16,0.22,3.33,0.25,10,94.68589983950271,No Fatigue,No
2024-12-05 10:08:17,0.22,23.33,0.29,10,97.47155917659238,No Fatigue,No
2024-12-05 10:08:18,0.31,26.67,0.27,10,95.80672690553158,No Fatigue,No
2024-12-05 10:08:19,0.30,10.00,0.29,10,98.67317404787977,No Fatigue,No
2024-12-05 10:08:20,0.29,0.00,0.31,10,96.54629078329404,No Fatigue,No
2024-12-05 10:08:22,0.28,0.00,0.30,10,95.71059313749964,No Fatigue,No
2024-12-05 10:08:23,0.31,0.00,0.29,10,95.71059313749964,No Fatigue,No
2024-12-05 10:08:24,0.31,0.00,0.30,10,94.68589983950271,No Fatigue,No
2024-12-05 10:08:25,0.26,10.00,0.30,10,96.6544250460066,No Fatigue,No
2024-12-05 10:08:26,0.25,10.00,0.35,10,96.54629078329404,No Fatigue,No
2024-12-05 10:08:27,0.23,6.67,0.29,10,95.61758059012683,No Fatigue,No
2024-12-05 10:08:28,0.32,0.00,0.30,10,94.84400037508068,No Fatigue,No
2024-12-05 10:08:29,0.28,0.00,0.27,10,95.80672690553158,No Fatigue,No
2024-12-05 10:08:30,0.29,0.00,0.33,10,94.53777250790665,No Fatigue,No
2024-12-05 10:08:31,0.30,0.00,0.31,10,95.61758059012683,No Fatigue,No
2024-12-05 10:08:32,0.28,0.00,0.31,10,95.52754015165618,No Fatigue,No
2024-12-05 10:08:33,0.31,0.00,0.30,10,95.61758059012683,No Fatigue,No
2024-12-05 10:08:34,0.28,10.00,0.44,10,96.05419189411484,No Fatigue,No
2024-12-05 10:08:35,0.28,10.00,0.28,10,95.71059313749964,No Fatigue,No
2024-12-05 10:08:36,0.28,10.00,0.27,10,95.71059313749964,No Fatigue,No
2024-12-05 10:08:37,0.26,3.33,0.33,10,95.44033203100551,No Fatigue,No
2024-12-05 10:08:38,0.29,3.33,0.29,10,94.68589983950271,No Fatigue,No
2024-12-05 10:08:39,0.27,3.33,0.29,10,96.6544250460066,No Fatigue,No
2024-12-05 10:08:40,0.28,6.67,0.26,10,96.76617482255307,No Fatigue,No
2024-12-05 10:08:41,0.28,6.67,0.29,10,95.80672690553158,No Fatigue,No
2024-12-05 10:08:42,0.26,0.00,0.30,10,94.84400037508068,No Fatigue,No
2024-12-05 10:08:43,0.29,0.00,0.41,10,94.61064931866062,No Fatigue,No
2024-12-05 10:08:45,0.29,0.00,0.36,10,96.44160009933505,No Fatigue,No
2024-12-05 10:08:46,0.29,0.00,0.29,10,95.80672690553158,No Fatigue,No
2024-12-05 10:08:47,0.27,0.00,0.27,10,95.9061411137705,No Fatigue,No
2024-12-05 10:08:48,0.27,0.00,0.44,10,95.27389595735177,No Fatigue,No
2024-12-05 10:08:49,0.29,0.00,0.28,10,95.80672690553158,No Fatigue,No
2024-12-05 10:08:50,0.29,0.00,0.28,10,95.9061411137705,No Fatigue,No
2024-12-05 10:08:51,0.28,0.00,0.29,10,97.72182580013097,No Fatigue,No
2024-12-05 10:08:52,0.28,0.00,0.29,10,97.72182580013097,No Fatigue,No
2024-12-05 10:08:53,0.30,0.00,0.29,10,96.6544250460066,No Fatigue,No
2024-12-05 10:08:54,0.29,0.00,0.41,10,97.35237935989237,No Fatigue,No
2024-12-05 10:08:55,0.27,0.00,0.40,10,96.3401917459099,No Fatigue,No
2024-12-05 10:08:56,0.25,0.00,0.25,10,95.9061411137705,No Fatigue,No
2024-12-05 10:08:57,0.30,0.00,0.48,10,96.05419189411484,No Fatigue,No
2024-12-05 10:08:58,0.28,0.00,0.46,10,94.02826366648515,No Fatigue,No
2024-12-05 10:08:59,0.32,0.00,0.27,10,95.9061411137705,No Fatigue,No
2024-12-05 10:09:00,0.26,13.33,0.44,10,102.4499965078066,No Fatigue,No
2024-12-05 10:09:02,0.33,13.33,0.26,10,97.85331330197822,No Fatigue,No
2024-12-05 10:09:03,0.30,13.33,0.31,10,97.9893267663969,No Fatigue,No
2024-12-05 10:09:04,0.31,3.33,0.27,10,100.92280471986926,No Fatigue,No
2024-12-05 10:09:05,0.31,3.33,0.29,10,96.00900595749452,No Fatigue,No
2024-12-05 10:09:06,0.28,3.33,0.50,10,90.84252426074042,No Fatigue,No
2024-12-05 10:09:07,0.32,0.00,0.34,10,95.71059313749964,No Fatigue,No
2024-12-05 10:09:08,0.26,6.67,0.44,10,94.39870535499554,No Fatigue,No
2024-12-05 10:09:09,0.28,10.00,0.30,10,99.95062668795161,No Fatigue,No
2024-12-05 10:09:10,0.31,6.67,0.45,10,95.87739260664314,No Fatigue,No
2024-12-05 10:09:11,0.27,6.67,0.34,10,96.54629078329404,No Fatigue,No
2024-12-05 10:09:12,0.31,6.67,0.52,10,93.86546116985176,No Fatigue,No
