Timestamp,EAR,MOR,Tilt Angle,PERCLOS,FOM,Fatigue,Hand Covering Mouth
2024-12-06 12:41:15,N/A,0.0,N/A,N/A,N/A,No Fatigue,No
2024-12-06 12:41:16,0.24,0.38,90.62,0.0,0,No Fatigue,No
2024-12-06 12:41:16,0.33,0.32,90.74,0.0,0,No Fatigue,No
2024-12-06 12:41:16,0.27,0.32,92.26,0.0,0,No Fatigue,No
2024-12-06 12:41:16,0.23,0.32,94.51,25.0,0,No Fatigue,No
2024-12-06 12:41:16,0.19,0.32,86.33,40.0,0,No Fatigue,No
2024-12-06 12:41:17,0.21,0.32,93.76,50.0,0,No Fatigue,No
2024-12-06 12:41:17,0.21,0.31,92.97,57.14,0,No Fatigue,No
2024-12-06 12:41:17,0.22,0.32,93.76,62.5,0,No Fatigue,No
2024-12-06 12:41:17,0.21,0.31,93.01,66.67,0,No Fatigue,No
2024-12-06 12:41:17,0.25,0.36,85.06,60.0,0,No Fatigue,No
2024-12-06 12:41:17,0.26,0.35,86.42,54.55,0,No Fatigue,No
2024-12-06 12:41:18,0.25,0.36,86.42,50.0,0,No Fatigue,No
2024-12-06 12:41:18,0.27,0.37,85.76,46.15,0,No Fatigue,No
2024-12-06 12:41:18,0.24,0.36,84.29,42.86,0,No Fatigue,No
2024-12-06 12:41:18,0.34,0.34,92.23,40.0,0,No Fatigue,No
2024-12-06 12:41:18,0.27,0.32,91.55,37.5,0,No Fatigue,No
2024-12-06 12:41:18,0.2,0.4,90.0,41.18,0,No Fatigue,No
2024-12-06 12:41:19,0.26,0.38,92.32,38.89,0,No Fatigue,No
2024-12-06 12:41:19,0.26,0.35,91.57,36.84,0,No Fatigue,No
2024-12-06 12:41:19,0.25,0.33,93.27,35.0,0,No Fatigue,No
2024-12-06 12:41:19,0.27,0.36,93.18,33.33,0,No Fatigue,No
2024-12-06 12:41:19,0.22,0.41,88.49,36.36,0,No Fatigue,No
2024-12-06 12:41:20,0.21,0.49,90.0,39.13,1,No Fatigue,No
2024-12-06 12:41:20,0.21,0.45,91.97,41.67,1,No Fatigue,No
2024-12-06 12:41:20,0.22,0.53,93.33,44.0,1,Yawning Detected,No
2024-12-06 12:41:20,0.21,0.6,94.26,46.15,2,Yawning Detected,No
2024-12-06 12:41:20,0.2,0.58,91.23,48.15,2,Yawning Detected,No
2024-12-06 12:41:21,0.26,0.62,92.1,46.43,2,Yawning Detected,No
2024-12-06 12:41:21,0.22,0.62,87.48,48.28,3,Yawning Detected,No
2024-12-06 12:41:21,0.23,0.58,86.42,46.67,3,Yawning Detected,No
2024-12-06 12:41:21,0.23,0.61,86.63,46.67,3,Yawning Detected,No
2024-12-06 12:41:21,0.26,0.68,87.24,46.67,4,Yawning Detected,No
2024-12-06 12:41:22,0.22,0.64,85.66,50.0,4,Yawning Detected,No
2024-12-06 12:41:22,0.24,0.64,87.48,46.67,4,Yawning Detected,Yes
2024-12-06 12:41:22,0.22,0.64,86.95,46.67,5,Yawning Detected,Yes
2024-12-06 12:41:22,0.25,0.64,91.36,43.33,5,Yawning Detected,Yes
2024-12-06 12:41:22,0.22,0.64,92.12,43.33,5,Yawning Detected,Yes
2024-12-06 12:41:23,0.21,0.64,92.94,43.33,5,Yawning Detected,Yes
2024-12-06 12:41:23,0.23,0.64,92.2,43.33,5,Yawning Detected,Yes
2024-12-06 12:41:23,0.18,0.64,91.53,46.67,5,Yawning Detected,Yes
2024-12-06 12:41:23,0.22,0.64,90.73,50.0,5,Yawning Detected,Yes
2024-12-06 12:41:23,0.18,0.64,92.29,53.33,5,Yawning Detected,Yes
2024-12-06 12:41:23,N/A,0.0,N/A,N/A,N/A,No Fatigue,No
2024-12-06 12:41:24,0.23,0.64,90.0,53.33,5,Yawning Detected,Yes
2024-12-06 12:41:24,N/A,0.0,N/A,N/A,N/A,No Fatigue,No
2024-12-06 12:41:24,0.2,0.64,93.01,56.67,5,Yawning Detected,Yes
2024-12-06 12:41:24,0.19,0.64,92.41,60.0,5,Yawning Detected,Yes
2024-12-06 12:41:24,0.18,0.64,91.81,63.33,5,Yawning Detected,Yes
2024-12-06 12:41:24,0.2,0.64,91.21,63.33,5,Yawning Detected,Yes
2024-12-06 12:41:25,0.19,0.64,91.81,66.67,5,Yawning Detected,Yes
2024-12-06 12:41:25,0.19,0.64,91.79,70.0,5,Yawning Detected,Yes
2024-12-06 12:41:25,0.18,0.64,92.29,73.33,5,Yawning Detected,Yes
2024-12-06 12:41:25,0.19,0.64,92.31,76.67,5,Yawning Detected,Yes
2024-12-06 12:41:25,0.18,0.64,92.34,76.67,5,Yawning Detected,Yes
2024-12-06 12:41:26,0.19,0.64,92.92,76.67,5,Yawning Detected,Yes
2024-12-06 12:41:26,0.18,0.64,91.75,76.67,5,Yawning Detected,Yes
2024-12-06 12:41:26,0.2,0.64,91.75,76.67,5,Yawning Detected,Yes
2024-12-06 12:41:26,0.18,0.64,92.41,76.67,5,Yawning Detected,Yes
2024-12-06 12:41:26,0.19,0.64,93.54,76.67,5,Yawning Detected,Yes
2024-12-06 12:41:26,0.18,0.64,92.92,80.0,5,Yawning Detected,Yes
2024-12-06 12:41:27,0.22,0.64,93.58,80.0,5,Yawning Detected,Yes
2024-12-06 12:41:27,0.16,0.64,93.04,83.33,5,Yawning Detected,Yes
2024-12-06 12:41:27,0.19,0.64,93.01,86.67,5,Yawning Detected,Yes
2024-12-06 12:41:27,0.18,0.64,93.69,90.0,5,Yawning Detected,Yes
2024-12-06 12:41:27,0.19,0.64,91.51,90.0,5,Yawning Detected,Yes
2024-12-06 12:41:28,0.17,0.64,93.73,93.33,5,Yawning Detected,Yes
2024-12-06 12:41:28,0.19,0.64,94.3,93.33,5,Yawning Detected,Yes
2024-12-06 12:41:28,0.17,0.64,93.73,96.67,5,Yawning Detected,Yes
2024-12-06 12:41:28,0.23,0.64,90.77,96.67,5,Yawning Detected,Yes
2024-12-06 12:41:28,N/A,0.0,N/A,N/A,N/A,No Fatigue,No
2024-12-06 12:41:28,N/A,0.0,N/A,N/A,N/A,No Fatigue,No
2024-12-06 12:41:29,0.2,0.64,88.45,96.67,5,Yawning Detected,Yes
2024-12-06 12:41:29,0.23,0.64,90.0,96.67,5,Yawning Detected,Yes
2024-12-06 12:41:29,0.2,0.64,90.0,96.67,5,Yawning Detected,Yes
2024-12-06 12:41:29,0.23,0.64,91.53,96.67,5,Yawning Detected,Yes
2024-12-06 12:41:29,N/A,0.0,N/A,N/A,N/A,No Fatigue,No
2024-12-06 12:41:30,N/A,0.0,N/A,N/A,N/A,No Fatigue,No
2024-12-06 12:41:30,N/A,0.0,N/A,N/A,N/A,No Fatigue,No
2024-12-06 12:41:30,0.22,0.64,92.2,96.67,5,Yawning Detected,Yes
2024-12-06 12:41:30,N/A,0.0,N/A,N/A,N/A,No Fatigue,No
2024-12-06 12:41:30,0.24,0.64,89.31,96.67,5,Yawning Detected,Yes
2024-12-06 12:41:30,0.23,0.64,91.35,96.67,5,Yawning Detected,Yes
2024-12-06 12:41:31,0.2,0.64,92.05,96.67,5,Yawning Detected,Yes
2024-12-06 12:41:31,0.22,0.64,92.07,96.67,5,Yawning Detected,Yes
2024-12-06 12:41:31,0.23,0.64,92.1,96.67,5,Yawning Detected,Yes
2024-12-06 12:41:31,0.23,0.64,91.43,93.33,5,Yawning Detected,Yes
2024-12-06 12:41:31,0.22,0.64,92.1,93.33,6,Fatigue Detected While Yawning,Yes
2024-12-06 12:41:32,0.24,0.36,93.45,90.0,6,No Fatigue,No
2024-12-06 12:41:32,0.12,0.31,91.45,90.0,6,No Fatigue,No
2024-12-06 12:41:32,0.28,0.41,91.4,86.67,6,No Fatigue,No
2024-12-06 12:41:32,0.27,0.31,92.9,83.33,6,No Fatigue,No
2024-12-06 12:41:32,0.28,0.39,94.34,80.0,6,No Fatigue,No
2024-12-06 12:41:32,0.26,0.34,95.19,76.67,6,No Fatigue,No
2024-12-06 12:41:33,0.22,0.28,96.17,76.67,6,No Fatigue,No
2024-12-06 12:41:33,0.14,0.36,88.49,76.67,6,No Fatigue,No
2024-12-06 12:41:33,0.18,0.36,89.25,76.67,6,No Fatigue,No
2024-12-06 12:41:33,0.16,0.33,93.87,76.67,6,No Fatigue,No
2024-12-06 12:41:33,0.19,0.31,91.61,76.67,6,No Fatigue,No
2024-12-06 12:41:33,0.13,0.37,89.23,76.67,6,No Fatigue,No
2024-12-06 12:41:34,0.24,0.35,87.71,73.33,6,No Fatigue,No
2024-12-06 12:41:34,0.24,0.34,87.71,70.0,6,No Fatigue,No
2024-12-06 12:41:34,0.25,0.44,88.57,66.67,6,No Fatigue,No
2024-12-06 12:41:34,0.27,0.48,88.62,63.33,7,No Fatigue,No
2024-12-06 12:41:34,0.25,0.58,88.05,60.0,7,Yawning Detected,No
2024-12-06 12:41:34,0.23,0.59,88.09,60.0,7,Yawning Detected,No
2024-12-06 12:41:35,0.23,0.6,89.36,56.67,7,Yawning Detected,No
2024-12-06 12:41:35,0.23,0.59,88.74,56.67,8,Yawning Detected,No
2024-12-06 12:41:35,0.22,0.58,88.75,56.67,8,Yawning Detected,No
2024-12-06 12:41:35,0.22,0.56,88.13,56.67,8,Yawning Detected,No
2024-12-06 12:41:35,0.2,0.55,87.51,56.67,9,Yawning Detected,No
2024-12-06 12:41:35,0.21,0.54,88.15,60.0,9,Yawning Detected,No
2024-12-06 12:41:35,0.22,0.56,88.17,60.0,9,Yawning Detected,No
2024-12-06 12:41:36,0.25,0.6,89.38,56.67,9,Yawning Detected,No
2024-12-06 12:41:36,0.21,0.57,89.39,56.67,10,Yawning Detected,No
2024-12-06 12:41:36,0.23,0.57,88.78,56.67,10,Yawning Detected,No
2024-12-06 12:41:36,0.22,0.53,88.74,60.0,10,Yawning Detected,No
2024-12-06 12:41:36,0.17,0.47,89.34,60.0,10,No Fatigue,No
2024-12-06 12:41:37,0.26,0.39,89.28,60.0,10,No Fatigue,No
2024-12-06 12:41:37,0.29,0.35,89.26,56.67,10,No Fatigue,No
2024-12-06 12:41:37,0.24,0.37,90.0,56.67,10,No Fatigue,No
2024-12-06 12:41:37,0.26,0.36,89.27,56.67,10,No Fatigue,No
2024-12-06 12:41:37,0.27,0.35,89.26,56.67,10,No Fatigue,No
2024-12-06 12:41:37,0.29,0.34,89.27,56.67,10,No Fatigue,No
2024-12-06 12:41:37,0.27,0.39,88.59,53.33,10,No Fatigue,No
2024-12-06 12:41:38,0.27,0.39,89.27,50.0,10,No Fatigue,No
2024-12-06 12:41:38,0.24,0.37,89.27,46.67,10,No Fatigue,No
2024-12-06 12:41:38,0.17,0.37,88.55,46.67,10,No Fatigue,No
2024-12-06 12:41:38,0.17,0.38,88.55,46.67,10,No Fatigue,No
2024-12-06 12:41:38,0.17,0.34,90.0,46.67,10,No Fatigue,No
2024-12-06 12:41:38,0.18,0.35,90.0,50.0,10,No Fatigue,No
2024-12-06 12:41:39,0.2,0.35,90.0,53.33,10,No Fatigue,No
2024-12-06 12:41:39,0.17,0.37,90.0,56.67,10,No Fatigue,No
2024-12-06 12:41:39,0.14,0.4,89.27,60.0,10,No Fatigue,No
2024-12-06 12:41:39,0.15,0.39,89.27,63.33,10,No Fatigue,No
2024-12-06 12:41:39,0.19,0.41,88.59,63.33,10,No Fatigue,No
2024-12-06 12:41:39,0.24,0.36,91.47,63.33,10,No Fatigue,No
2024-12-06 12:41:40,0.3,0.37,92.2,60.0,10,No Fatigue,No
2024-12-06 12:41:40,0.32,0.34,92.97,56.67,10,No Fatigue,No
2024-12-06 12:41:40,0.3,0.33,93.01,53.33,10,No Fatigue,No
2024-12-06 12:41:40,0.21,0.44,92.1,53.33,10,No Fatigue,No
2024-12-06 12:41:40,0.17,0.45,92.17,53.33,10,No Fatigue,No
2024-12-06 12:41:41,0.13,0.43,93.76,53.33,10,No Fatigue,No
2024-12-06 12:41:41,0.16,0.36,93.76,56.67,10,No Fatigue,No
2024-12-06 12:41:41,0.22,0.34,91.51,56.67,10,No Fatigue,No
2024-12-06 12:41:41,0.25,0.33,93.87,53.33,10,No Fatigue,No
2024-12-06 12:41:41,0.25,0.34,93.05,50.0,10,No Fatigue,No
2024-12-06 12:41:41,0.18,0.36,90.76,50.0,10,No Fatigue,No
2024-12-06 12:41:41,0.25,0.43,94.81,50.0,10,No Fatigue,No
2024-12-06 12:41:42,0.16,0.43,93.81,53.33,10,No Fatigue,Yes
2024-12-06 12:41:42,0.2,0.43,88.03,56.67,10,No Fatigue,Yes
2024-12-06 12:41:42,0.24,0.43,86.33,56.67,10,No Fatigue,Yes
2024-12-06 12:41:42,0.26,0.43,90.0,56.67,10,No Fatigue,Yes
2024-12-06 12:41:42,0.27,0.43,86.73,56.67,10,No Fatigue,Yes
2024-12-06 12:41:43,0.23,0.43,90.0,56.67,10,No Fatigue,Yes
2024-12-06 12:41:43,0.12,0.43,89.29,60.0,10,No Fatigue,Yes
2024-12-06 12:41:43,0.29,0.43,89.33,60.0,10,No Fatigue,Yes
2024-12-06 12:41:43,0.3,0.43,90.68,56.67,10,No Fatigue,Yes
2024-12-06 12:41:43,0.17,0.43,92.07,56.67,10,No Fatigue,Yes
2024-12-06 12:41:44,0.13,0.43,95.26,56.67,10,No Fatigue,Yes
2024-12-06 12:41:44,0.24,0.43,95.13,53.33,10,No Fatigue,Yes
2024-12-06 12:41:44,0.29,0.43,92.6,50.0,10,No Fatigue,Yes
2024-12-06 12:41:44,0.26,0.43,94.71,46.67,10,No Fatigue,Yes
2024-12-06 12:41:44,0.3,0.43,96.34,43.33,10,No Fatigue,Yes
2024-12-06 12:41:44,0.27,0.43,97.46,40.0,10,No Fatigue,Yes
2024-12-06 12:41:45,0.11,0.43,99.57,40.0,10,No Fatigue,Yes
2024-12-06 12:41:45,0.13,0.43,99.46,43.33,10,No Fatigue,Yes
2024-12-06 12:41:45,0.18,0.43,95.51,46.67,10,No Fatigue,Yes
2024-12-06 12:41:45,0.26,0.43,92.15,46.67,10,No Fatigue,Yes
2024-12-06 12:41:45,0.26,0.43,90.67,46.67,10,No Fatigue,Yes
2024-12-06 12:41:45,0.27,0.43,91.38,43.33,10,No Fatigue,Yes
2024-12-06 12:41:46,0.15,0.43,89.32,43.33,10,No Fatigue,Yes
2024-12-06 12:41:46,0.21,0.43,93.67,43.33,10,No Fatigue,Yes
2024-12-06 12:41:46,0.21,0.43,94.9,43.33,10,No Fatigue,Yes
2024-12-06 12:41:46,0.18,0.29,96.09,43.33,10,No Fatigue,No
2024-12-06 12:41:46,0.13,0.26,94.51,46.67,10,No Fatigue,No
2024-12-06 12:41:46,0.22,0.26,95.38,50.0,10,No Fatigue,No
2024-12-06 12:41:47,0.28,0.32,94.26,46.67,10,No Fatigue,No
2024-12-06 12:41:47,0.28,0.29,95.53,46.67,10,No Fatigue,No
2024-12-06 12:41:47,0.17,0.36,94.21,46.67,10,No Fatigue,No
2024-12-06 12:41:47,0.15,0.33,93.27,46.67,10,No Fatigue,No
2024-12-06 12:41:47,0.1,0.48,97.01,50.0,10,No Fatigue,No
2024-12-06 12:41:48,0.1,0.28,96.69,53.33,10,No Fatigue,No
2024-12-06 12:41:48,0.15,0.4,103.67,56.67,10,No Fatigue,No
2024-12-06 12:41:48,0.14,0.38,101.64,60.0,10,No Fatigue,No
2024-12-06 12:41:48,N/A,0.0,N/A,N/A,N/A,No Fatigue,No
2024-12-06 12:41:48,N/A,0.0,N/A,N/A,N/A,No Fatigue,No
2024-12-06 12:41:48,N/A,0.0,N/A,N/A,N/A,No Fatigue,No
2024-12-06 12:41:49,N/A,0.0,N/A,N/A,N/A,No Fatigue,No
2024-12-06 12:41:49,0.16,0.38,103.15,60.0,10,No Fatigue,Yes
2024-12-06 12:41:49,0.17,0.38,105.44,63.33,10,No Fatigue,Yes
2024-12-06 12:41:49,N/A,0.0,N/A,N/A,N/A,No Fatigue,No
2024-12-06 12:41:49,N/A,0.0,N/A,N/A,N/A,No Fatigue,No
2024-12-06 12:41:49,N/A,0.0,N/A,N/A,N/A,No Fatigue,No
2024-12-06 12:41:50,0.12,0.38,97.33,66.67,10,No Fatigue,Yes
2024-12-06 12:41:50,N/A,0.0,N/A,N/A,N/A,No Fatigue,No
2024-12-06 12:41:50,N/A,0.0,N/A,N/A,N/A,No Fatigue,No
2024-12-06 12:41:50,N/A,0.0,N/A,N/A,N/A,No Fatigue,No
2024-12-06 12:41:50,N/A,0.0,N/A,N/A,N/A,No Fatigue,No
2024-12-06 12:41:51,N/A,0.0,N/A,N/A,N/A,No Fatigue,No
2024-12-06 12:41:51,0.18,0.38,98.13,66.67,10,No Fatigue,Yes
2024-12-06 12:41:51,0.18,0.38,99.37,66.67,10,No Fatigue,Yes
2024-12-06 12:41:51,0.07,0.38,92.96,70.0,10,No Fatigue,Yes
2024-12-06 12:41:51,0.14,0.38,95.47,73.33,10,No Fatigue,Yes
2024-12-06 12:41:52,0.16,0.38,98.21,76.67,10,No Fatigue,Yes
2024-12-06 12:41:52,0.15,0.38,98.3,80.0,10,No Fatigue,Yes
2024-12-06 12:41:52,0.13,0.38,97.19,83.33,10,Fatigue Detected,Yes
2024-12-06 12:41:52,0.14,0.38,96.16,83.33,10,Fatigue Detected,Yes
2024-12-06 12:41:52,0.13,0.38,94.48,83.33,10,Fatigue Detected,Yes
2024-12-06 12:41:52,0.27,0.38,91.67,80.0,10,No Fatigue,Yes
2024-12-06 12:41:53,0.27,0.38,93.16,80.0,10,No Fatigue,Yes
2024-12-06 12:41:53,0.23,0.38,96.25,80.0,10,No Fatigue,Yes
2024-12-06 12:41:53,0.21,0.38,95.16,83.33,10,Fatigue Detected,Yes
2024-12-06 12:41:53,0.22,0.38,93.5,83.33,10,Fatigue Detected,Yes
2024-12-06 12:41:53,0.25,0.38,93.12,80.0,10,No Fatigue,Yes
2024-12-06 12:41:54,0.09,0.46,91.49,80.0,10,Fatigue Detected,No
2024-12-06 12:41:54,0.27,0.54,93.97,76.67,10,Yawning Detected,No
2024-12-06 12:41:54,0.26,0.53,94.22,73.33,10,Yawning Detected,No
2024-12-06 12:41:54,0.27,0.57,93.95,70.0,10,Yawning Detected,No
2024-12-06 12:41:54,0.29,0.57,95.09,70.0,10,Yawning Detected,Yes
2024-12-06 12:41:54,0.27,0.57,94.11,70.0,10,Yawning Detected,Yes
2024-12-06 12:41:55,0.24,0.57,92.23,66.67,10,Yawning Detected,Yes
2024-12-06 12:41:55,0.26,0.57,92.71,63.33,10,Yawning Detected,Yes
2024-12-06 12:41:55,0.27,0.57,92.22,60.0,10,Yawning Detected,Yes
2024-12-06 12:41:55,0.29,0.57,93.03,56.67,10,Yawning Detected,Yes
2024-12-06 12:41:55,0.23,0.57,95.33,56.67,10,Yawning Detected,Yes
2024-12-06 12:41:55,0.26,0.52,93.39,53.33,10,Yawning Detected,No
2024-12-06 12:41:56,0.24,0.51,92.64,50.0,10,Yawning Detected,No
2024-12-06 12:41:56,0.21,0.49,92.64,50.0,10,No Fatigue,No
2024-12-06 12:41:56,0.2,0.48,90.0,50.0,10,No Fatigue,No
2024-12-06 12:41:56,0.26,0.49,90.0,46.67,10,No Fatigue,No
2024-12-06 12:41:56,0.27,0.56,91.37,43.33,10,Yawning Detected,No
2024-12-06 12:41:56,0.3,0.54,90.9,40.0,10,Yawning Detected,No
2024-12-06 12:41:57,0.26,0.26,98.13,36.67,10,No Fatigue,No
2024-12-06 12:41:57,0.25,0.57,98.55,33.33,10,Yawning Detected,No
2024-12-06 12:41:57,0.21,0.57,93.22,33.33,10,Yawning Detected,Yes
2024-12-06 12:41:57,0.2,0.57,94.99,33.33,10,Yawning Detected,Yes
2024-12-06 12:41:57,0.2,0.57,93.25,33.33,10,Yawning Detected,Yes
2024-12-06 12:41:58,0.2,0.57,94.14,33.33,10,Yawning Detected,Yes
2024-12-06 12:41:58,0.28,0.57,92.51,33.33,10,Yawning Detected,Yes
2024-12-06 12:41:58,0.26,0.57,94.09,33.33,10,Yawning Detected,Yes
2024-12-06 12:41:58,0.22,0.57,94.16,36.67,10,Yawning Detected,Yes
2024-12-06 12:41:58,0.21,0.57,90.82,36.67,10,Yawning Detected,Yes
2024-12-06 12:41:59,0.15,0.57,90.0,36.67,10,Yawning Detected,Yes
2024-12-06 12:41:59,0.22,0.57,94.09,40.0,10,Yawning Detected,Yes
2024-12-06 12:41:59,0.19,0.57,89.19,40.0,10,Yawning Detected,Yes
2024-12-06 12:41:59,0.26,0.57,94.25,40.0,10,Yawning Detected,Yes
2024-12-06 12:41:59,0.24,0.57,94.02,40.0,10,Yawning Detected,Yes
2024-12-06 12:42:00,0.25,0.6,94.05,40.0,10,Yawning Detected,No
2024-12-06 12:42:00,0.2,0.58,93.52,43.33,10,Yawning Detected,No
2024-12-06 12:42:00,0.26,0.4,88.32,43.33,10,No Fatigue,No
2024-12-06 12:42:00,0.26,0.35,91.83,43.33,10,No Fatigue,No
2024-12-06 12:42:00,0.15,0.37,88.15,46.67,10,No Fatigue,No
2024-12-06 12:42:00,0.24,0.37,86.92,46.67,10,No Fatigue,No
2024-12-06 12:42:01,0.16,0.33,91.25,50.0,10,No Fatigue,No
2024-12-06 12:42:01,0.16,0.31,90.77,50.0,10,No Fatigue,No
2024-12-06 12:42:01,0.2,0.25,92.56,53.33,10,No Fatigue,No
2024-12-06 12:42:01,0.2,0.28,93.22,56.67,10,No Fatigue,No
2024-12-06 12:42:01,0.2,0.39,89.28,56.67,10,No Fatigue,No
2024-12-06 12:42:01,0.22,0.35,93.81,56.67,10,No Fatigue,No
2024-12-06 12:42:02,0.21,0.33,90.73,60.0,10,No Fatigue,No
2024-12-06 12:42:02,0.22,0.38,90.74,63.33,10,No Fatigue,No
2024-12-06 12:42:02,0.23,0.4,90.73,63.33,10,No Fatigue,No
2024-12-06 12:42:02,0.21,0.4,88.57,66.67,10,No Fatigue,No
2024-12-06 12:42:02,0.22,0.4,90.0,70.0,10,No Fatigue,No
2024-12-06 12:42:02,0.11,0.42,90.0,70.0,10,No Fatigue,No
2024-12-06 12:42:03,0.23,0.39,91.45,70.0,10,No Fatigue,No
2024-12-06 12:42:03,0.26,0.36,92.97,66.67,10,No Fatigue,No
2024-12-06 12:42:03,0.22,0.38,90.74,66.67,10,No Fatigue,No
2024-12-06 12:42:03,0.27,0.4,90.74,66.67,10,No Fatigue,No
2024-12-06 12:42:03,0.26,0.38,90.0,66.67,10,No Fatigue,No
2024-12-06 12:42:03,0.26,0.4,89.27,63.33,10,No Fatigue,No
2024-12-06 12:42:04,0.23,0.52,89.42,60.0,10,Yawning Detected,No
2024-12-06 12:42:04,0.2,0.51,91.74,60.0,10,Yawning Detected,No
2024-12-06 12:42:04,0.25,0.53,91.16,56.67,10,Yawning Detected,No
2024-12-06 12:42:04,0.22,0.53,90.57,56.67,10,Yawning Detected,No
2024-12-06 12:42:04,0.29,0.39,89.3,56.67,10,No Fatigue,No
2024-12-06 12:42:04,0.3,0.37,90.0,56.67,10,No Fatigue,No
2024-12-06 12:42:05,0.29,0.38,90.0,56.67,10,No Fatigue,No
2024-12-06 12:42:05,0.26,0.49,90.6,53.33,10,No Fatigue,No
2024-12-06 12:42:05,0.13,0.4,88.6,56.67,10,No Fatigue,No
2024-12-06 12:42:05,0.25,0.42,88.77,56.67,10,No Fatigue,No
2024-12-06 12:42:05,0.19,0.46,89.42,56.67,10,No Fatigue,No
2024-12-06 12:42:06,0.23,0.51,91.17,56.67,10,Yawning Detected,No
2024-12-06 12:42:06,0.25,0.34,107.8,53.33,10,No Fatigue,No
2024-12-06 12:42:06,0.34,0.41,112.62,50.0,10,No Fatigue,No
2024-12-06 12:42:06,0.31,0.39,109.23,46.67,10,No Fatigue,No
2024-12-06 12:42:06,0.27,0.37,106.21,43.33,10,No Fatigue,No
2024-12-06 12:42:07,0.26,0.48,110.48,40.0,10,No Fatigue,No
2024-12-06 12:42:07,0.28,0.44,115.97,36.67,10,No Fatigue,No
2024-12-06 12:42:07,0.31,0.45,98.94,33.33,10,No Fatigue,No
2024-12-06 12:42:07,0.31,0.54,106.19,30.0,10,Yawning Detected,No
2024-12-06 12:42:08,0.28,0.39,111.68,30.0,10,No Fatigue,No
2024-12-06 12:42:08,0.27,0.29,101.56,26.67,10,No Fatigue,No
2024-12-06 12:42:08,N/A,0.0,N/A,N/A,N/A,No Fatigue,No
2024-12-06 12:42:08,N/A,0.0,N/A,N/A,N/A,No Fatigue,No
2024-12-06 12:42:08,N/A,0.0,N/A,N/A,N/A,No Fatigue,No
2024-12-06 12:42:08,N/A,0.0,N/A,N/A,N/A,No Fatigue,No
2024-12-06 12:42:09,N/A,0.0,N/A,N/A,N/A,No Fatigue,No
2024-12-06 12:42:09,N/A,0.0,N/A,N/A,N/A,No Fatigue,No
2024-12-06 12:42:09,N/A,0.0,N/A,N/A,N/A,No Fatigue,No
2024-12-06 12:42:09,N/A,0.0,N/A,N/A,N/A,No Fatigue,No
2024-12-06 12:42:09,0.3,0.28,109.05,23.33,10,No Fatigue,No
2024-12-06 12:42:09,0.4,0.24,109.98,20.0,10,No Fatigue,No
2024-12-06 12:42:10,0.33,0.3,101.45,16.67,10,No Fatigue,No
2024-12-06 12:42:10,0.18,0.3,98.53,20.0,10,No Fatigue,No
2024-12-06 12:42:10,0.24,0.34,94.94,16.67,10,No Fatigue,No
2024-12-06 12:42:10,0.27,0.31,98.43,16.67,10,No Fatigue,No
2024-12-06 12:42:10,0.3,0.36,96.19,16.67,10,No Fatigue,No
2024-12-06 12:42:10,0.16,0.4,95.51,20.0,10,No Fatigue,No
2024-12-06 12:42:10,0.12,0.43,93.58,23.33,10,No Fatigue,No
2024-12-06 12:42:11,0.24,0.32,98.02,20.0,10,No Fatigue,No
2024-12-06 12:42:11,0.19,0.32,92.99,23.33,10,No Fatigue,Yes
2024-12-06 12:42:11,0.18,0.32,88.39,23.33,10,No Fatigue,Yes
2024-12-06 12:42:11,0.3,0.32,95.92,23.33,10,No Fatigue,Yes
2024-12-06 12:42:11,0.23,0.32,94.48,26.67,10,No Fatigue,Yes
2024-12-06 12:42:12,0.22,0.32,95.04,30.0,10,No Fatigue,Yes
2024-12-06 12:42:12,0.24,0.32,94.0,30.0,10,No Fatigue,Yes
2024-12-06 12:42:12,0.24,0.32,94.48,26.67,10,No Fatigue,Yes
2024-12-06 12:42:12,0.22,0.32,94.48,30.0,10,No Fatigue,Yes
2024-12-06 12:42:12,0.25,0.32,96.04,26.67,10,No Fatigue,Yes
2024-12-06 12:42:13,N/A,0.0,N/A,N/A,N/A,No Fatigue,No
2024-12-06 12:42:13,0.28,0.32,88.47,26.67,10,No Fatigue,Yes
2024-12-06 12:42:13,0.21,0.32,94.2,30.0,10,No Fatigue,Yes
2024-12-06 12:42:13,0.27,0.32,96.67,30.0,10,No Fatigue,Yes
2024-12-06 12:42:13,0.28,0.39,94.29,30.0,10,No Fatigue,No
2024-12-06 12:42:13,0.13,0.39,92.27,33.33,10,No Fatigue,Yes
2024-12-06 12:42:14,0.18,0.39,90.56,36.67,10,No Fatigue,Yes
2024-12-06 12:42:14,0.22,0.39,91.74,40.0,10,No Fatigue,Yes
2024-12-06 12:42:14,0.26,0.39,90.0,40.0,10,No Fatigue,Yes
2024-12-06 12:42:14,0.22,0.39,89.44,43.33,10,No Fatigue,Yes
2024-12-06 12:42:14,0.21,0.39,90.0,46.67,10,No Fatigue,Yes
2024-12-06 12:42:15,0.24,0.39,90.56,46.67,10,No Fatigue,Yes
2024-12-06 12:42:15,0.19,0.51,89.43,50.0,10,Yawning Detected,No
2024-12-06 12:42:15,0.22,0.51,91.55,53.33,10,Yawning Detected,No
2024-12-06 12:42:15,0.22,0.38,93.09,56.67,10,No Fatigue,No
2024-12-06 12:42:15,0.3,0.32,94.57,53.33,10,No Fatigue,No
2024-12-06 12:42:16,0.28,0.52,92.2,53.33,10,Yawning Detected,No
2024-12-06 12:42:16,0.28,0.51,93.3,53.33,10,Yawning Detected,No
2024-12-06 12:42:16,0.24,0.53,91.61,53.33,10,Yawning Detected,No
2024-12-06 12:42:16,0.3,0.53,91.06,50.0,10,Yawning Detected,No
2024-12-06 12:42:16,0.29,0.51,90.0,46.67,10,Yawning Detected,No
2024-12-06 12:42:16,0.27,0.51,87.19,46.67,10,Yawning Detected,No
2024-12-06 12:42:17,0.25,0.28,91.64,43.33,10,No Fatigue,No
2024-12-06 12:42:17,0.21,0.5,86.57,43.33,10,Yawning Detected,No
2024-12-06 12:42:17,0.23,0.32,90.83,46.67,10,No Fatigue,No
2024-12-06 12:42:17,0.24,0.29,90.0,43.33,10,No Fatigue,No
2024-12-06 12:42:17,0.22,0.49,91.02,43.33,10,No Fatigue,No
2024-12-06 12:42:17,0.27,0.53,90.52,43.33,10,Yawning Detected,No
2024-12-06 12:42:18,0.3,0.51,91.04,43.33,10,Yawning Detected,No
2024-12-06 12:42:18,0.27,0.53,90.0,40.0,10,Yawning Detected,No
2024-12-06 12:42:18,0.24,0.54,90.0,40.0,10,Yawning Detected,No
2024-12-06 12:42:18,0.3,0.29,90.8,40.0,10,No Fatigue,No
2024-12-06 12:42:18,0.32,0.3,90.8,36.67,10,No Fatigue,No
2024-12-06 12:42:18,0.31,0.3,90.81,36.67,10,No Fatigue,No
2024-12-06 12:42:18,0.32,0.26,91.64,36.67,10,No Fatigue,No
2024-12-06 12:42:19,0.31,0.31,90.81,33.33,10,No Fatigue,No
2024-12-06 12:42:19,0.26,0.54,89.48,30.0,10,Yawning Detected,No
2024-12-06 12:42:19,0.26,0.56,88.96,26.67,10,Yawning Detected,No
2024-12-06 12:42:19,0.29,0.63,87.42,26.67,10,Yawning Detected,No
2024-12-06 12:42:19,0.27,0.61,87.86,23.33,10,Yawning Detected,No
2024-12-06 12:42:19,0.27,0.6,87.35,20.0,10,Yawning Detected,No
2024-12-06 12:42:20,0.24,0.59,88.41,20.0,10,Yawning Detected,No
2024-12-06 12:42:20,0.28,0.62,87.94,16.67,10,Yawning Detected,No
2024-12-06 12:42:20,0.24,0.3,90.82,13.33,10,No Fatigue,No
2024-12-06 12:42:20,0.24,0.58,89.48,10.0,10,Yawning Detected,No
2024-12-06 12:42:20,0.28,0.52,91.59,10.0,10,Yawning Detected,No
2024-12-06 12:42:20,0.29,0.35,91.57,10.0,10,No Fatigue,No
2024-12-06 12:42:21,0.29,0.35,91.59,10.0,10,No Fatigue,No
2024-12-06 12:42:21,0.3,0.54,90.52,10.0,10,Yawning Detected,No
2024-12-06 12:42:21,0.27,0.55,89.5,10.0,10,Yawning Detected,No
2024-12-06 12:42:21,0.3,0.58,87.88,10.0,10,Yawning Detected,No
2024-12-06 12:42:21,0.24,0.55,87.86,10.0,10,Yawning Detected,No
2024-12-06 12:42:21,0.3,0.54,87.3,10.0,10,Yawning Detected,No
2024-12-06 12:42:22,0.3,0.56,87.25,6.67,10,Yawning Detected,No
2024-12-06 12:42:22,0.28,0.58,85.99,3.33,10,Yawning Detected,No
2024-12-06 12:42:22,0.2,0.6,87.37,6.67,10,Yawning Detected,No
2024-12-06 12:42:22,0.29,0.59,86.73,3.33,10,Yawning Detected,No
2024-12-06 12:42:22,0.3,0.58,86.96,3.33,10,Yawning Detected,No
2024-12-06 12:42:22,0.31,0.63,87.47,3.33,10,Yawning Detected,No
2024-12-06 12:42:23,0.32,0.62,86.88,3.33,10,Yawning Detected,No
2024-12-06 12:42:23,0.29,0.63,87.4,3.33,10,Yawning Detected,No
2024-12-06 12:42:23,0.22,0.6,86.39,6.67,10,Yawning Detected,No
2024-12-06 12:42:23,0.19,0.59,85.41,10.0,10,Yawning Detected,No
2024-12-06 12:42:23,0.23,0.59,85.32,10.0,10,Yawning Detected,No
2024-12-06 12:42:23,0.19,0.57,84.66,13.33,10,Yawning Detected,No
2024-12-06 12:42:24,0.21,0.6,84.94,16.67,10,Yawning Detected,No
2024-12-06 12:42:24,0.25,0.58,85.88,16.67,10,Yawning Detected,No
2024-12-06 12:42:24,0.23,0.58,85.24,20.0,10,Yawning Detected,No
2024-12-06 12:42:24,0.27,0.59,85.8,20.0,10,Yawning Detected,No
2024-12-06 12:42:24,0.15,0.64,86.82,23.33,10,Yawning Detected,No
2024-12-06 12:42:24,0.24,0.59,88.38,23.33,10,Yawning Detected,No
2024-12-06 12:42:25,0.3,0.6,88.38,23.33,10,Yawning Detected,No
2024-12-06 12:42:25,0.3,0.58,88.93,23.33,10,Yawning Detected,No
2024-12-06 12:42:25,0.27,0.54,86.88,23.33,10,Yawning Detected,No
2024-12-06 12:42:25,0.28,0.53,87.37,23.33,10,Yawning Detected,No
2024-12-06 12:42:25,0.28,0.53,87.44,23.33,10,Yawning Detected,No
2024-12-06 12:42:25,0.2,0.33,84.45,26.67,10,No Fatigue,No
2024-12-06 12:42:26,0.25,0.52,89.49,26.67,10,Yawning Detected,No
2024-12-06 12:42:26,0.25,0.55,88.44,26.67,10,Yawning Detected,No
2024-12-06 12:42:26,0.28,0.29,90.0,26.67,10,No Fatigue,No
2024-12-06 12:42:26,0.27,0.32,90.0,26.67,10,No Fatigue,No
2024-12-06 12:42:26,0.29,0.55,88.95,26.67,10,Yawning Detected,No
2024-12-06 12:42:26,0.3,0.59,89.47,26.67,10,Yawning Detected,No
2024-12-06 12:42:27,0.29,0.59,87.94,26.67,10,Yawning Detected,No
2024-12-06 12:42:27,0.28,0.63,86.49,26.67,10,Yawning Detected,No
2024-12-06 12:42:27,0.24,0.66,86.91,23.33,10,Yawning Detected,No
2024-12-06 12:42:27,0.23,0.6,88.44,26.67,10,Yawning Detected,No
2024-12-06 12:42:27,0.24,0.6,86.85,26.67,10,Yawning Detected,No
2024-12-06 12:42:27,0.27,0.37,87.77,26.67,10,No Fatigue,No
2024-12-06 12:42:28,0.27,0.37,90.75,26.67,10,No Fatigue,No
2024-12-06 12:42:28,0.27,0.42,88.55,26.67,10,No Fatigue,No
2024-12-06 12:42:28,0.27,0.4,90.0,23.33,10,No Fatigue,No
2024-12-06 12:42:28,0.32,0.35,85.66,20.0,10,No Fatigue,No
2024-12-06 12:42:28,0.31,0.36,84.22,20.0,10,No Fatigue,No
2024-12-06 12:42:28,0.31,0.37,84.86,16.67,10,No Fatigue,No
2024-12-06 12:42:29,0.3,0.33,90.73,13.33,10,No Fatigue,No
2024-12-06 12:42:29,0.33,0.32,90.72,13.33,10,No Fatigue,No
2024-12-06 12:42:29,0.28,0.58,87.9,10.0,10,Yawning Detected,No
2024-12-06 12:42:29,0.27,0.52,88.9,10.0,10,Yawning Detected,No
2024-12-06 12:42:29,0.28,0.46,87.66,6.67,10,No Fatigue,No
2024-12-06 12:42:29,0.27,0.38,91.23,6.67,10,No Fatigue,No
2024-12-06 12:42:30,0.22,0.41,90.0,10.0,10,No Fatigue,No
2024-12-06 12:42:30,0.26,0.48,90.0,10.0,10,No Fatigue,No
2024-12-06 12:42:30,0.17,0.47,92.95,13.33,10,No Fatigue,No
2024-12-06 12:42:30,0.21,0.36,89.24,16.67,10,No Fatigue,No
2024-12-06 12:42:30,0.2,0.32,92.39,20.0,10,No Fatigue,No
2024-12-06 12:42:31,0.18,0.48,95.06,20.0,10,No Fatigue,No
2024-12-06 12:42:31,0.16,0.36,92.39,23.33,10,No Fatigue,No
2024-12-06 12:42:31,0.15,0.36,93.92,26.67,10,No Fatigue,No
2024-12-06 12:42:31,0.17,0.33,96.01,30.0,10,No Fatigue,No
2024-12-06 12:42:31,0.23,0.31,101.59,30.0,10,No Fatigue,No
2024-12-06 12:42:31,0.25,0.31,103.32,30.0,10,No Fatigue,No
2024-12-06 12:42:32,0.22,0.35,105.84,33.33,10,No Fatigue,No
2024-12-06 12:42:32,0.25,0.35,107.05,33.33,10,No Fatigue,No
2024-12-06 12:42:32,0.21,0.32,106.56,36.67,10,No Fatigue,No
2024-12-06 12:42:32,0.23,0.34,107.27,36.67,10,No Fatigue,No
2024-12-06 12:42:32,0.23,0.25,106.26,36.67,10,No Fatigue,No
2024-12-06 12:42:32,0.21,0.27,104.59,40.0,10,No Fatigue,No
2024-12-06 12:42:32,0.22,0.31,104.04,43.33,10,No Fatigue,No
2024-12-06 12:42:33,0.29,0.33,103.85,43.33,10,No Fatigue,No
2024-12-06 12:42:33,0.28,0.34,104.04,43.33,10,No Fatigue,No
2024-12-06 12:42:33,0.3,0.35,103.67,43.33,10,No Fatigue,No
2024-12-06 12:42:33,0.29,0.32,102.94,43.33,10,No Fatigue,No
2024-12-06 12:42:33,0.29,0.36,102.04,43.33,10,No Fatigue,No
2024-12-06 12:42:33,0.31,0.37,101.31,43.33,10,No Fatigue,No
2024-12-06 12:42:34,0.32,0.33,101.0,43.33,10,No Fatigue,No
2024-12-06 12:42:34,0.3,0.31,104.42,43.33,10,No Fatigue,No
2024-12-06 12:42:34,0.34,0.29,102.36,43.33,10,No Fatigue,No
2024-12-06 12:42:34,0.35,0.34,102.2,43.33,10,No Fatigue,No
2024-12-06 12:42:34,N/A,0.0,N/A,N/A,N/A,No Fatigue,No
2024-12-06 12:42:35,0.31,0.4,100.71,43.33,10,No Fatigue,No
2024-12-06 12:42:35,0.33,0.37,101.15,43.33,10,No Fatigue,No
2024-12-06 12:42:35,0.33,0.38,106.77,40.0,10,No Fatigue,No
2024-12-06 12:42:35,0.35,0.33,107.22,40.0,10,No Fatigue,No
2024-12-06 12:42:35,0.3,0.25,106.39,36.67,10,No Fatigue,No
2024-12-06 12:42:36,N/A,0.0,N/A,N/A,N/A,No Fatigue,No
2024-12-06 12:42:36,N/A,0.0,N/A,N/A,N/A,No Fatigue,No
2024-12-06 12:42:36,N/A,0.0,N/A,N/A,N/A,No Fatigue,No
2024-12-06 12:42:36,N/A,0.0,N/A,N/A,N/A,No Fatigue,No
2024-12-06 12:42:36,N/A,0.0,N/A,N/A,N/A,No Fatigue,No
2024-12-06 12:42:37,0.33,0.3,106.26,33.33,10,No Fatigue,No
2024-12-06 12:42:37,0.32,0.23,107.27,30.0,10,No Fatigue,No
2024-12-06 12:42:37,N/A,0.0,N/A,N/A,N/A,No Fatigue,No
2024-12-06 12:42:37,0.33,0.22,106.35,26.67,10,No Fatigue,No
2024-12-06 12:42:37,N/A,0.0,N/A,N/A,N/A,No Fatigue,No
2024-12-06 12:42:38,N/A,0.0,N/A,N/A,N/A,No Fatigue,No
2024-12-06 12:42:38,0.3,0.3,102.94,23.33,10,No Fatigue,No
2024-12-06 12:42:38,0.31,0.29,97.21,20.0,10,No Fatigue,No
2024-12-06 12:42:38,N/A,0.0,N/A,N/A,N/A,No Fatigue,No
2024-12-06 12:42:38,0.24,0.3,107.68,16.67,10,No Fatigue,No
2024-12-06 12:42:38,0.3,0.28,97.7,16.67,10,No Fatigue,No
2024-12-06 12:42:39,0.3,0.3,99.09,16.67,10,No Fatigue,No
2024-12-06 12:42:39,0.22,0.34,104.42,16.67,10,No Fatigue,No
2024-12-06 12:42:39,N/A,0.0,N/A,N/A,N/A,No Fatigue,No
2024-12-06 12:42:39,0.26,0.35,95.38,16.67,10,No Fatigue,No
2024-12-06 12:42:39,0.33,0.37,94.88,13.33,10,No Fatigue,No
2024-12-06 12:42:39,0.24,0.46,98.9,13.33,10,No Fatigue,No
2024-12-06 12:42:40,N/A,0.0,N/A,N/A,N/A,No Fatigue,No
2024-12-06 12:42:40,N/A,0.0,N/A,N/A,N/A,No Fatigue,No
2024-12-06 12:42:40,N/A,0.0,N/A,N/A,N/A,No Fatigue,No
2024-12-06 12:42:40,N/A,0.0,N/A,N/A,N/A,No Fatigue,No
2024-12-06 12:42:40,N/A,0.0,N/A,N/A,N/A,No Fatigue,No
2024-12-06 12:42:40,N/A,0.0,N/A,N/A,N/A,No Fatigue,No
2024-12-06 12:42:41,N/A,0.0,N/A,N/A,N/A,No Fatigue,No
2024-12-06 12:42:41,N/A,0.0,N/A,N/A,N/A,No Fatigue,No
2024-12-06 12:42:41,0.17,0.43,100.95,13.33,10,No Fatigue,No
2024-12-06 12:42:41,N/A,0.0,N/A,N/A,N/A,No Fatigue,No
2024-12-06 12:42:41,0.22,0.32,98.81,13.33,10,No Fatigue,No
2024-12-06 12:42:41,0.34,0.3,104.42,10.0,10,No Fatigue,No
2024-12-06 12:42:42,0.23,0.27,104.62,10.0,10,No Fatigue,No
2024-12-06 12:42:42,0.2,0.31,106.62,13.33,10,No Fatigue,No
2024-12-06 12:42:42,0.23,0.31,105.61,13.33,10,No Fatigue,No
2024-12-06 12:42:42,0.2,0.3,102.62,16.67,10,No Fatigue,No
2024-12-06 12:42:42,0.3,0.27,105.83,16.67,10,No Fatigue,No
2024-12-06 12:42:42,0.25,0.38,96.43,16.67,10,No Fatigue,No
2024-12-06 12:42:43,0.21,0.34,93.49,20.0,10,No Fatigue,No
2024-12-06 12:42:43,0.26,0.37,92.35,20.0,10,No Fatigue,No
2024-12-06 12:42:43,0.27,0.39,88.53,20.0,10,No Fatigue,No
2024-12-06 12:42:43,0.29,0.45,91.45,20.0,10,No Fatigue,No
2024-12-06 12:42:43,0.16,0.48,90.72,23.33,10,No Fatigue,No
2024-12-06 12:42:43,0.21,0.36,98.02,26.67,10,No Fatigue,No
2024-12-06 12:42:44,N/A,0.0,N/A,N/A,N/A,No Fatigue,No
2024-12-06 12:42:44,N/A,0.0,N/A,N/A,N/A,No Fatigue,No
2024-12-06 12:42:44,0.25,0.34,95.79,26.67,10,No Fatigue,No
2024-12-06 12:42:44,0.27,0.36,91.64,26.67,10,No Fatigue,No
2024-12-06 12:42:44,0.27,0.39,91.57,26.67,10,No Fatigue,No
2024-12-06 12:42:45,0.26,0.5,91.25,26.67,10,No Fatigue,No
2024-12-06 12:42:45,0.23,0.5,90.63,26.67,10,No Fatigue,Yes
2024-12-06 12:42:45,0.24,0.5,90.62,26.67,10,No Fatigue,Yes
2024-12-06 12:42:45,0.22,0.5,91.25,30.0,10,No Fatigue,Yes
2024-12-06 12:42:45,0.26,0.5,91.29,30.0,10,No Fatigue,Yes
2024-12-06 12:42:46,0.27,0.5,92.57,30.0,10,No Fatigue,Yes
2024-12-06 12:42:46,0.18,0.5,91.25,33.33,10,No Fatigue,Yes
2024-12-06 12:42:46,0.23,0.5,90.0,36.67,10,No Fatigue,Yes
2024-12-06 12:42:46,0.23,0.5,90.0,33.33,10,No Fatigue,Yes
2024-12-06 12:42:46,0.2,0.5,91.27,36.67,10,No Fatigue,Yes
2024-12-06 12:42:47,0.2,0.5,86.28,40.0,10,No Fatigue,Yes
2024-12-06 12:42:47,0.2,0.5,87.68,43.33,10,No Fatigue,Yes
2024-12-06 12:42:47,0.2,0.5,91.57,43.33,10,No Fatigue,Yes
2024-12-06 12:42:47,0.17,0.5,90.78,43.33,10,No Fatigue,Yes
2024-12-06 12:42:48,0.15,0.5,91.59,46.67,10,No Fatigue,Yes
2024-12-06 12:42:48,0.18,0.5,89.2,50.0,10,No Fatigue,Yes
2024-12-06 12:42:48,0.17,0.5,87.65,50.0,10,No Fatigue,Yes
2024-12-06 12:42:48,0.22,0.5,91.68,53.33,10,No Fatigue,Yes
2024-12-06 12:42:48,0.27,0.5,91.95,50.0,10,No Fatigue,Yes
2024-12-06 12:42:49,0.25,0.5,90.84,50.0,10,No Fatigue,Yes
2024-12-06 12:42:49,0.26,0.5,91.53,50.0,10,No Fatigue,Yes
2024-12-06 12:42:49,0.25,0.5,88.75,46.67,10,No Fatigue,Yes
2024-12-06 12:42:49,0.24,0.5,91.64,46.67,10,No Fatigue,Yes
2024-12-06 12:42:49,0.25,0.5,92.42,46.67,10,No Fatigue,Yes
2024-12-06 12:42:49,0.27,0.5,92.35,46.67,10,No Fatigue,Yes
2024-12-06 12:42:50,0.28,0.5,92.35,43.33,10,No Fatigue,Yes
2024-12-06 12:42:50,0.28,0.5,93.09,40.0,10,No Fatigue,Yes
2024-12-06 12:42:50,0.25,0.5,88.13,40.0,10,No Fatigue,Yes
2024-12-06 12:42:50,0.26,0.5,89.36,40.0,10,No Fatigue,Yes
2024-12-06 12:42:50,0.26,0.5,90.0,40.0,10,No Fatigue,Yes
2024-12-06 12:42:51,0.28,0.5,88.77,40.0,10,No Fatigue,Yes
2024-12-06 12:42:51,0.22,0.5,88.81,43.33,10,No Fatigue,Yes
2024-12-06 12:42:51,0.24,0.5,88.19,43.33,10,No Fatigue,Yes
2024-12-06 12:42:51,0.14,0.5,90.8,43.33,10,No Fatigue,Yes
2024-12-06 12:42:51,0.23,0.5,90.6,46.67,10,No Fatigue,Yes
2024-12-06 12:42:51,0.19,0.5,90.0,50.0,10,No Fatigue,Yes
2024-12-06 12:42:52,0.2,0.5,91.23,50.0,10,No Fatigue,Yes
2024-12-06 12:42:52,0.27,0.5,91.27,46.67,10,No Fatigue,Yes
2024-12-06 12:42:52,0.24,0.5,90.62,46.67,10,No Fatigue,Yes
2024-12-06 12:42:52,0.29,0.5,93.22,43.33,10,No Fatigue,Yes
2024-12-06 12:42:52,0.26,0.5,91.25,40.0,10,No Fatigue,Yes
2024-12-06 12:42:53,0.26,0.5,90.62,36.67,10,No Fatigue,Yes
2024-12-06 12:42:53,0.27,0.5,90.6,33.33,10,No Fatigue,Yes
2024-12-06 12:42:53,0.23,0.5,90.0,30.0,10,No Fatigue,Yes
2024-12-06 12:42:53,0.23,0.5,91.23,30.0,10,No Fatigue,Yes
2024-12-06 12:42:53,0.21,0.5,90.0,30.0,10,No Fatigue,Yes
2024-12-06 12:42:54,0.19,0.5,91.25,30.0,10,No Fatigue,Yes
2024-12-06 12:42:54,0.21,0.5,91.22,30.0,10,No Fatigue,Yes
2024-12-06 12:42:54,0.24,0.5,93.05,30.0,10,No Fatigue,Yes
2024-12-06 12:42:54,0.25,0.5,92.26,30.0,10,No Fatigue,Yes
2024-12-06 12:42:54,0.26,0.5,93.05,30.0,10,No Fatigue,Yes
2024-12-06 12:42:54,0.27,0.5,93.05,30.0,10,No Fatigue,Yes
2024-12-06 12:42:55,0.27,0.5,92.32,30.0,10,No Fatigue,Yes
2024-12-06 12:42:55,0.19,0.5,91.51,33.33,10,No Fatigue,Yes
2024-12-06 12:42:55,0.25,0.5,91.81,33.33,10,No Fatigue,Yes
2024-12-06 12:42:55,0.26,0.5,91.81,33.33,10,No Fatigue,Yes
2024-12-06 12:42:55,0.24,0.5,90.62,33.33,10,No Fatigue,Yes
2024-12-06 12:42:56,0.28,0.5,92.39,33.33,10,No Fatigue,Yes
2024-12-06 12:42:56,0.27,0.5,90.63,33.33,10,No Fatigue,Yes
2024-12-06 12:42:56,0.24,0.5,90.62,33.33,10,No Fatigue,Yes
2024-12-06 12:42:56,0.26,0.5,90.62,33.33,10,No Fatigue,Yes
2024-12-06 12:42:56,0.24,0.5,91.91,30.0,10,No Fatigue,Yes
2024-12-06 12:42:57,0.25,0.5,90.63,30.0,10,No Fatigue,Yes
2024-12-06 12:42:57,0.26,0.5,92.54,26.67,10,No Fatigue,Yes
2024-12-06 12:42:57,0.25,0.5,91.21,23.33,10,No Fatigue,Yes
2024-12-06 12:42:57,0.26,0.5,90.64,20.0,10,No Fatigue,Yes
2024-12-06 12:42:57,0.21,0.5,90.6,20.0,10,No Fatigue,Yes
2024-12-06 12:42:58,0.23,0.5,90.6,20.0,10,No Fatigue,Yes
2024-12-06 12:42:58,0.28,0.5,91.53,20.0,10,No Fatigue,Yes
2024-12-06 12:42:58,0.24,0.5,90.0,20.0,10,No Fatigue,Yes
2024-12-06 12:42:58,0.24,0.5,90.0,20.0,10,No Fatigue,Yes
2024-12-06 12:42:58,0.28,0.5,91.57,20.0,10,No Fatigue,Yes
2024-12-06 12:42:58,0.25,0.5,90.0,20.0,10,No Fatigue,Yes
2024-12-06 12:42:59,0.2,0.5,90.6,23.33,10,No Fatigue,Yes
2024-12-06 12:42:59,0.23,0.5,90.0,20.0,10,No Fatigue,Yes
2024-12-06 12:42:59,0.24,0.5,89.42,16.67,10,No Fatigue,Yes
2024-12-06 12:42:59,0.24,0.5,90.0,13.33,10,No Fatigue,Yes
2024-12-06 12:42:59,0.26,0.5,88.19,10.0,10,No Fatigue,Yes
2024-12-06 12:43:00,0.21,0.5,88.79,13.33,10,No Fatigue,Yes
2024-12-06 12:43:00,0.22,0.5,89.41,16.67,10,No Fatigue,Yes
2024-12-06 12:43:00,0.26,0.5,87.22,16.67,10,No Fatigue,Yes
2024-12-06 12:43:00,0.28,0.5,90.0,16.67,10,No Fatigue,Yes
2024-12-06 12:43:00,0.28,0.5,91.16,16.67,10,No Fatigue,Yes
2024-12-06 12:43:01,0.26,0.5,91.16,13.33,10,No Fatigue,Yes
2024-12-06 12:43:01,0.27,0.5,91.22,13.33,10,No Fatigue,Yes
2024-12-06 12:43:01,0.25,0.5,90.0,13.33,10,No Fatigue,Yes
2024-12-06 12:43:01,0.16,0.5,92.29,16.67,10,No Fatigue,Yes
2024-12-06 12:43:01,0.22,0.5,92.39,20.0,10,No Fatigue,Yes
2024-12-06 12:43:01,0.2,0.5,94.14,23.33,10,No Fatigue,Yes
2024-12-06 12:43:02,0.2,0.5,93.22,26.67,10,No Fatigue,Yes
2024-12-06 12:43:02,0.19,0.5,92.35,30.0,10,No Fatigue,Yes
2024-12-06 12:43:02,0.2,0.5,93.97,33.33,10,No Fatigue,Yes
2024-12-06 12:43:02,0.2,0.5,92.42,36.67,10,No Fatigue,Yes
2024-12-06 12:43:02,0.18,0.5,93.27,40.0,10,No Fatigue,Yes
2024-12-06 12:43:03,0.18,0.5,94.09,43.33,10,No Fatigue,Yes
2024-12-06 12:43:03,0.17,0.5,94.21,46.67,10,No Fatigue,Yes
2024-12-06 12:43:03,0.17,0.5,95.04,46.67,10,No Fatigue,Yes
2024-12-06 12:43:03,0.18,0.5,94.21,50.0,10,No Fatigue,Yes
2024-12-06 12:43:03,0.18,0.4,95.71,53.33,10,No Fatigue,No
2024-12-06 12:43:03,0.2,0.36,94.7,56.67,10,No Fatigue,No
2024-12-06 12:43:04,0.2,0.36,96.34,60.0,10,No Fatigue,Yes
2024-12-06 12:43:04,0.29,0.36,93.01,60.0,10,No Fatigue,Yes
2024-12-06 12:43:04,0.27,0.36,91.51,60.0,10,No Fatigue,Yes
2024-12-06 12:43:04,0.26,0.36,90.74,56.67,10,No Fatigue,Yes
2024-12-06 12:43:04,0.29,0.36,92.26,56.67,10,No Fatigue,Yes
2024-12-06 12:43:05,0.3,0.36,91.55,56.67,10,No Fatigue,Yes
2024-12-06 12:43:05,0.29,0.36,91.59,56.67,10,No Fatigue,Yes
2024-12-06 12:43:05,0.29,0.36,93.18,56.67,10,No Fatigue,Yes
2024-12-06 12:43:05,0.29,0.36,92.39,53.33,10,No Fatigue,Yes
2024-12-06 12:43:05,0.19,0.36,93.18,53.33,10,No Fatigue,Yes
2024-12-06 12:43:06,0.19,0.36,93.09,56.67,10,No Fatigue,Yes
2024-12-06 12:43:06,0.14,0.36,94.03,60.0,10,No Fatigue,Yes
2024-12-06 12:43:06,0.22,0.36,93.22,63.33,10,No Fatigue,Yes
2024-12-06 12:43:06,0.21,0.36,93.97,66.67,10,No Fatigue,Yes
2024-12-06 12:43:06,0.16,0.43,97.55,70.0,10,No Fatigue,No
2024-12-06 12:43:07,0.24,0.22,106.93,70.0,10,No Fatigue,No
2024-12-06 12:43:07,0.27,0.27,104.23,66.67,10,No Fatigue,No
2024-12-06 12:43:07,0.23,0.3,104.23,66.67,10,No Fatigue,No
2024-12-06 12:43:07,0.21,0.33,105.95,66.67,10,No Fatigue,No
2024-12-06 12:43:07,0.23,0.31,106.16,66.67,10,No Fatigue,No
2024-12-06 12:43:07,0.22,0.32,106.93,66.67,10,No Fatigue,No
2024-12-06 12:43:08,0.24,0.38,107.22,63.33,10,No Fatigue,No
2024-12-06 12:43:08,0.2,0.42,105.73,63.33,10,No Fatigue,No
2024-12-06 12:43:08,0.2,0.38,104.62,63.33,10,No Fatigue,No
2024-12-06 12:43:08,0.21,0.36,102.88,63.33,10,No Fatigue,No
2024-12-06 12:43:09,0.2,0.37,101.77,63.33,10,No Fatigue,No
2024-12-06 12:43:09,0.23,0.3,103.06,60.0,10,No Fatigue,No
2024-12-06 12:43:09,0.26,0.38,104.78,56.67,10,No Fatigue,No
2024-12-06 12:43:09,0.25,0.4,106.48,53.33,10,No Fatigue,No
2024-12-06 12:43:09,0.26,0.43,104.42,50.0,10,No Fatigue,No
2024-12-06 12:43:09,0.25,0.41,106.93,46.67,10,No Fatigue,No
2024-12-06 12:43:10,0.27,0.38,107.93,46.67,10,No Fatigue,No
2024-12-06 12:43:10,0.26,0.33,106.93,46.67,10,No Fatigue,No
2024-12-06 12:43:10,0.27,0.35,105.19,46.67,10,No Fatigue,No
2024-12-06 12:43:10,0.26,0.31,106.93,46.67,10,No Fatigue,No
2024-12-06 12:43:10,0.26,0.26,105.61,46.67,10,No Fatigue,No
2024-12-06 12:43:11,0.3,0.32,106.39,46.67,10,No Fatigue,No
2024-12-06 12:43:11,0.24,0.3,105.95,46.67,10,No Fatigue,No
2024-12-06 12:43:11,0.3,0.29,106.16,46.67,10,No Fatigue,No
2024-12-06 12:43:11,0.3,0.33,106.16,43.33,10,No Fatigue,No
2024-12-06 12:43:11,0.34,0.31,105.95,40.0,10,No Fatigue,No
2024-12-06 12:43:12,0.33,0.28,104.83,36.67,10,No Fatigue,No
2024-12-06 12:43:12,0.32,0.29,105.61,33.33,10,No Fatigue,No
2024-12-06 12:43:12,0.3,0.28,105.19,30.0,10,No Fatigue,No
2024-12-06 12:43:12,0.31,0.31,106.93,26.67,10,No Fatigue,No
2024-12-06 12:43:12,0.29,0.34,103.65,26.67,10,No Fatigue,No
2024-12-06 12:43:13,0.33,0.28,105.19,26.67,10,No Fatigue,No
2024-12-06 12:43:13,0.32,0.31,104.04,23.33,10,No Fatigue,No
2024-12-06 12:43:13,0.33,0.3,105.04,20.0,10,No Fatigue,No
2024-12-06 12:43:13,0.33,0.29,105.04,16.67,10,No Fatigue,No
2024-12-06 12:43:13,0.3,0.37,104.04,13.33,10,No Fatigue,No
2024-12-06 12:43:13,0.25,0.51,98.13,13.33,10,Yawning Detected,No
2024-12-06 12:43:14,0.28,0.35,97.77,10.0,10,No Fatigue,No
2024-12-06 12:43:14,0.29,0.44,98.13,6.67,10,No Fatigue,No
2024-12-06 12:43:14,0.22,0.44,93.29,6.67,10,No Fatigue,Yes
2024-12-06 12:43:14,0.25,0.44,94.46,3.33,10,No Fatigue,Yes
2024-12-06 12:43:14,0.16,0.44,92.83,6.67,10,No Fatigue,Yes
2024-12-06 12:43:15,N/A,0.0,N/A,N/A,N/A,No Fatigue,No
2024-12-06 12:43:15,N/A,0.0,N/A,N/A,N/A,No Fatigue,No
2024-12-06 12:43:15,0.3,0.27,101.31,6.67,10,No Fatigue,No
2024-12-06 12:43:15,0.25,0.23,99.87,6.67,10,No Fatigue,No
2024-12-06 12:43:15,0.19,0.33,99.73,10.0,10,No Fatigue,No
2024-12-06 12:43:16,0.18,0.31,100.3,13.33,10,No Fatigue,No
2024-12-06 12:43:16,N/A,0.0,N/A,N/A,N/A,No Fatigue,No
2024-12-06 12:43:16,0.23,0.35,102.77,13.33,10,No Fatigue,No
2024-12-06 12:43:16,0.26,0.36,101.47,13.33,10,No Fatigue,No
2024-12-06 12:43:16,0.26,0.36,103.69,13.33,10,No Fatigue,No
2024-12-06 12:43:16,0.23,0.47,101.17,13.33,10,No Fatigue,No
2024-12-06 12:43:17,0.26,0.46,101.71,13.33,10,No Fatigue,No
2024-12-06 12:43:17,0.26,0.36,103.69,13.33,10,No Fatigue,No
2024-12-06 12:43:17,0.26,0.32,103.32,13.33,10,No Fatigue,No
2024-12-06 12:43:17,0.22,0.41,102.84,16.67,10,No Fatigue,No
2024-12-06 12:43:17,0.27,0.34,102.3,16.67,10,No Fatigue,No
2024-12-06 12:43:18,0.26,0.34,101.31,16.67,10,No Fatigue,No
2024-12-06 12:43:18,0.29,0.33,104.4,16.67,10,No Fatigue,No
2024-12-06 12:43:18,0.26,0.34,102.62,16.67,10,No Fatigue,No
2024-12-06 12:43:18,0.25,0.36,103.24,16.67,10,No Fatigue,No
2024-12-06 12:43:18,0.22,0.36,103.63,20.0,10,No Fatigue,No
2024-12-06 12:43:18,0.24,0.37,105.26,20.0,10,No Fatigue,No
2024-12-06 12:43:19,N/A,0.0,N/A,N/A,N/A,No Fatigue,No
2024-12-06 12:43:19,N/A,0.0,N/A,N/A,N/A,No Fatigue,No
2024-12-06 12:43:19,N/A,0.0,N/A,N/A,N/A,No Fatigue,No
2024-12-06 12:43:19,N/A,0.0,N/A,N/A,N/A,No Fatigue,No
2024-12-06 12:43:19,N/A,0.0,N/A,N/A,N/A,No Fatigue,No
2024-12-06 12:43:20,N/A,0.0,N/A,N/A,N/A,No Fatigue,No
2024-12-06 12:43:20,N/A,0.0,N/A,N/A,N/A,No Fatigue,No
2024-12-06 12:43:20,N/A,0.0,N/A,N/A,N/A,No Fatigue,No
2024-12-06 12:43:20,N/A,0.0,N/A,N/A,N/A,No Fatigue,No
2024-12-06 12:43:20,N/A,0.0,N/A,N/A,N/A,No Fatigue,No
2024-12-06 12:43:20,N/A,0.0,N/A,N/A,N/A,No Fatigue,No
2024-12-06 12:43:21,N/A,0.0,N/A,N/A,N/A,No Fatigue,No
2024-12-06 12:43:21,N/A,0.0,N/A,N/A,N/A,No Fatigue,No
2024-12-06 12:43:21,N/A,0.0,N/A,N/A,N/A,No Fatigue,No
2024-12-06 12:43:21,N/A,0.0,N/A,N/A,N/A,No Fatigue,No
2024-12-06 12:43:21,N/A,0.0,N/A,N/A,N/A,No Fatigue,No
2024-12-06 12:43:22,N/A,0.0,N/A,N/A,N/A,No Fatigue,No
2024-12-06 12:43:22,N/A,0.0,N/A,N/A,N/A,No Fatigue,No
2024-12-06 12:43:22,N/A,0.0,N/A,N/A,N/A,No Fatigue,No
2024-12-06 12:43:22,N/A,0.0,N/A,N/A,N/A,No Fatigue,No
2024-12-06 12:43:22,N/A,0.0,N/A,N/A,N/A,No Fatigue,No
2024-12-06 12:43:22,0.22,0.46,103.77,23.33,10,No Fatigue,No
2024-12-06 12:43:23,N/A,0.0,N/A,N/A,N/A,No Fatigue,No
2024-12-06 12:43:23,N/A,0.0,N/A,N/A,N/A,No Fatigue,No
2024-12-06 12:43:23,N/A,0.0,N/A,N/A,N/A,No Fatigue,No
2024-12-06 12:43:23,N/A,0.0,N/A,N/A,N/A,No Fatigue,No
2024-12-06 12:43:23,N/A,0.0,N/A,N/A,N/A,No Fatigue,No
2024-12-06 12:43:24,N/A,0.0,N/A,N/A,N/A,No Fatigue,No
2024-12-06 12:43:24,N/A,0.0,N/A,N/A,N/A,No Fatigue,No
2024-12-06 12:43:24,N/A,0.0,N/A,N/A,N/A,No Fatigue,No
2024-12-06 12:43:24,N/A,0.0,N/A,N/A,N/A,No Fatigue,No
2024-12-06 12:43:24,N/A,0.0,N/A,N/A,N/A,No Fatigue,No
2024-12-06 12:43:25,N/A,0.0,N/A,N/A,N/A,No Fatigue,No
2024-12-06 12:43:25,0.26,0.36,96.34,23.33,10,No Fatigue,No
2024-12-06 12:43:25,N/A,0.0,N/A,N/A,N/A,No Fatigue,No
2024-12-06 12:43:26,0.22,0.32,96.04,26.67,10,No Fatigue,No
2024-12-06 12:43:26,0.29,0.36,98.37,26.67,10,No Fatigue,No
2024-12-06 12:43:27,0.3,0.39,98.05,26.67,10,No Fatigue,No
2024-12-06 12:43:27,0.25,0.35,100.04,26.67,10,No Fatigue,No
2024-12-06 12:43:27,0.28,0.37,98.37,26.67,10,No Fatigue,No
2024-12-06 12:43:27,0.29,0.38,104.57,26.67,10,No Fatigue,No
2024-12-06 12:43:27,0.31,0.29,106.3,23.33,10,No Fatigue,No
2024-12-06 12:43:28,N/A,0.0,N/A,N/A,N/A,No Fatigue,No
2024-12-06 12:43:28,N/A,0.0,N/A,N/A,N/A,No Fatigue,No
2024-12-06 12:43:28,0.32,0.29,117.11,23.33,10,No Fatigue,No
2024-12-06 12:43:28,0.32,0.47,114.78,20.0,10,No Fatigue,No
2024-12-06 12:43:28,0.33,0.45,117.33,20.0,10,No Fatigue,No
2024-12-06 12:43:29,N/A,0.0,N/A,N/A,N/A,No Fatigue,No
2024-12-06 12:43:29,N/A,0.0,N/A,N/A,N/A,No Fatigue,No
2024-12-06 12:43:30,N/A,0.0,N/A,N/A,N/A,No Fatigue,No
2024-12-06 12:43:30,N/A,0.0,N/A,N/A,N/A,No Fatigue,No
2024-12-06 12:43:30,N/A,0.0,N/A,N/A,N/A,No Fatigue,No
2024-12-06 12:43:30,N/A,0.0,N/A,N/A,N/A,No Fatigue,No
2024-12-06 12:43:30,N/A,0.0,N/A,N/A,N/A,No Fatigue,No
2024-12-06 12:43:30,N/A,0.0,N/A,N/A,N/A,No Fatigue,No
2024-12-06 12:43:31,N/A,0.0,N/A,N/A,N/A,No Fatigue,No
2024-12-06 12:43:31,N/A,0.0,N/A,N/A,N/A,No Fatigue,No
2024-12-06 12:43:31,N/A,0.0,N/A,N/A,N/A,No Fatigue,No
2024-12-06 12:43:31,N/A,0.0,N/A,N/A,N/A,No Fatigue,No
2024-12-06 12:43:31,N/A,0.0,N/A,N/A,N/A,No Fatigue,No
2024-12-06 12:43:31,N/A,0.0,N/A,N/A,N/A,No Fatigue,No
2024-12-06 12:43:32,N/A,0.0,N/A,N/A,N/A,No Fatigue,No
2024-12-06 12:43:32,N/A,0.0,N/A,N/A,N/A,No Fatigue,No
2024-12-06 12:43:32,N/A,0.0,N/A,N/A,N/A,No Fatigue,No
2024-12-06 12:43:32,N/A,0.0,N/A,N/A,N/A,No Fatigue,No
2024-12-06 12:43:32,N/A,0.0,N/A,N/A,N/A,No Fatigue,No
2024-12-06 12:43:33,N/A,0.0,N/A,N/A,N/A,No Fatigue,No
2024-12-06 12:43:33,N/A,0.0,N/A,N/A,N/A,No Fatigue,No
2024-12-06 12:43:33,N/A,0.0,N/A,N/A,N/A,No Fatigue,No
2024-12-06 12:43:33,N/A,0.0,N/A,N/A,N/A,No Fatigue,No
2024-12-06 12:43:33,N/A,0.0,N/A,N/A,N/A,No Fatigue,No
2024-12-06 12:43:33,N/A,0.0,N/A,N/A,N/A,No Fatigue,No
2024-12-06 12:43:34,N/A,0.0,N/A,N/A,N/A,No Fatigue,No
2024-12-06 12:43:34,N/A,0.0,N/A,N/A,N/A,No Fatigue,No
2024-12-06 12:43:34,N/A,0.0,N/A,N/A,N/A,No Fatigue,No
2024-12-06 12:43:34,N/A,0.0,N/A,N/A,N/A,No Fatigue,No
2024-12-06 12:43:34,N/A,0.0,N/A,N/A,N/A,No Fatigue,No
2024-12-06 12:43:34,N/A,0.0,N/A,N/A,N/A,No Fatigue,No
2024-12-06 12:43:35,N/A,0.0,N/A,N/A,N/A,No Fatigue,No
2024-12-06 12:43:35,N/A,0.0,N/A,N/A,N/A,No Fatigue,No
2024-12-06 12:43:35,N/A,0.0,N/A,N/A,N/A,No Fatigue,No
2024-12-06 12:43:35,N/A,0.0,N/A,N/A,N/A,No Fatigue,No
2024-12-06 12:43:35,N/A,0.0,N/A,N/A,N/A,No Fatigue,No
2024-12-06 12:43:35,N/A,0.0,N/A,N/A,N/A,No Fatigue,No
2024-12-06 12:43:36,N/A,0.0,N/A,N/A,N/A,No Fatigue,No
2024-12-06 12:43:36,N/A,0.0,N/A,N/A,N/A,No Fatigue,No
2024-12-06 12:43:36,N/A,0.0,N/A,N/A,N/A,No Fatigue,No
2024-12-06 12:43:36,N/A,0.0,N/A,N/A,N/A,No Fatigue,No
2024-12-06 12:43:36,N/A,0.0,N/A,N/A,N/A,No Fatigue,No
2024-12-06 12:43:37,N/A,0.0,N/A,N/A,N/A,No Fatigue,No
2024-12-06 12:43:37,N/A,0.0,N/A,N/A,N/A,No Fatigue,No
2024-12-06 12:43:37,N/A,0.0,N/A,N/A,N/A,No Fatigue,No
2024-12-06 12:43:37,N/A,0.0,N/A,N/A,N/A,No Fatigue,No
2024-12-06 12:43:37,N/A,0.0,N/A,N/A,N/A,No Fatigue,No
2024-12-06 12:43:37,N/A,0.0,N/A,N/A,N/A,No Fatigue,No
2024-12-06 12:43:38,N/A,0.0,N/A,N/A,N/A,No Fatigue,No
2024-12-06 12:43:38,N/A,0.0,N/A,N/A,N/A,No Fatigue,No
2024-12-06 12:43:38,N/A,0.0,N/A,N/A,N/A,No Fatigue,No
2024-12-06 12:43:38,N/A,0.0,N/A,N/A,N/A,No Fatigue,No
2024-12-06 12:43:38,0.25,0.4,99.09,20.0,10,No Fatigue,No
2024-12-06 12:43:39,0.26,0.43,94.95,16.67,10,No Fatigue,No
2024-12-06 12:43:39,N/A,0.0,N/A,N/A,N/A,No Fatigue,No
2024-12-06 12:43:39,0.26,0.53,96.68,13.33,10,Yawning Detected,No
2024-12-06 12:43:39,0.28,0.54,93.04,13.33,10,Yawning Detected,No
2024-12-06 12:44:18,N/A,0.0,N/A,N/A,N/A,No Fatigue,No
2024-12-06 12:44:18,0.2,0.38,92.2,16.67,3,No Fatigue,No
2024-12-06 12:44:18,0.23,0.32,93.87,20.0,3,No Fatigue,No
2024-12-06 12:44:18,0.3,0.29,92.94,20.0,3,No Fatigue,No
2024-12-06 12:44:18,0.3,0.29,93.01,20.0,3,No Fatigue,No
2024-12-06 12:44:19,0.31,0.31,92.97,20.0,3,No Fatigue,No
2024-12-06 12:44:19,0.28,0.39,90.73,20.0,3,No Fatigue,No
2024-12-06 12:44:19,0.3,0.39,92.9,16.67,3,No Fatigue,No
2024-12-06 12:44:19,0.27,0.33,91.47,16.67,3,No Fatigue,No
2024-12-06 12:44:19,0.19,0.3,91.45,20.0,3,No Fatigue,No
2024-12-06 12:44:19,0.19,0.3,92.2,23.33,3,No Fatigue,No
2024-12-06 12:44:20,0.17,0.29,92.26,26.67,3,No Fatigue,No
2024-12-06 12:44:20,0.17,0.3,91.53,30.0,3,No Fatigue,No
2024-12-06 12:44:20,0.2,0.31,93.72,30.0,3,No Fatigue,No
2024-12-06 12:44:20,0.18,0.34,93.67,33.33,3,No Fatigue,No
2024-12-06 12:44:20,0.21,0.33,94.34,33.33,3,No Fatigue,No
2024-12-06 12:44:21,0.26,0.31,90.0,33.33,3,No Fatigue,No
2024-12-06 12:44:21,0.3,0.33,88.55,30.0,3,No Fatigue,No
2024-12-06 12:44:21,0.32,0.31,89.29,30.0,3,No Fatigue,No
2024-12-06 12:44:21,0.31,0.29,92.76,30.0,3,No Fatigue,No
2024-12-06 12:44:21,0.31,0.3,90.62,30.0,3,No Fatigue,No
2024-12-06 12:44:22,0.3,0.32,91.22,30.0,3,No Fatigue,No
2024-12-06 12:44:22,0.28,0.28,86.67,30.0,3,No Fatigue,No
2024-12-06 12:44:22,0.28,0.31,87.43,30.0,3,No Fatigue,No
2024-12-06 12:44:22,0.29,0.38,91.22,30.0,3,No Fatigue,No
2024-12-06 12:50:48,N/A,0.0,N/A,N/A,N/A,No Fatigue,No
2024-12-06 12:50:48,0.21,0.45,91.72,16.67,1,No Fatigue,No
2024-12-06 12:50:49,N/A,0.0,N/A,N/A,N/A,No Fatigue,No
2024-12-06 12:50:49,0.23,0.43,88.87,13.33,1,No Fatigue,No
2024-12-06 12:50:49,0.3,0.32,88.51,10.0,1,No Fatigue,No
2024-12-06 12:50:49,0.25,0.3,86.95,6.67,1,No Fatigue,No
2024-12-06 12:50:49,0.23,0.29,89.25,6.67,1,No Fatigue,No
2024-12-06 12:50:50,0.27,0.28,92.29,6.67,1,No Fatigue,No
2024-12-06 12:50:50,N/A,0.0,N/A,N/A,N/A,No Fatigue,No
2024-12-06 12:50:50,N/A,0.0,N/A,N/A,N/A,No Fatigue,No
2024-12-06 12:50:50,N/A,0.0,N/A,N/A,N/A,No Fatigue,No
2024-12-06 12:50:50,N/A,0.0,N/A,N/A,N/A,No Fatigue,No
2024-12-06 12:50:50,N/A,0.0,N/A,N/A,N/A,No Fatigue,No
2024-12-06 12:50:51,N/A,0.0,N/A,N/A,N/A,No Fatigue,No
2024-12-06 12:50:51,0.23,0.29,86.91,6.67,1,No Fatigue,No
2024-12-06 12:50:51,0.17,0.31,86.24,10.0,1,No Fatigue,No
2024-12-06 12:50:51,0.21,0.28,84.74,13.33,1,No Fatigue,No
2024-12-06 12:50:52,0.24,0.31,86.99,13.33,1,No Fatigue,No
2024-12-06 12:50:52,0.22,0.4,91.53,16.67,1,No Fatigue,No
2024-12-06 12:50:52,N/A,0.0,N/A,N/A,N/A,No Fatigue,No
2024-12-06 12:50:52,N/A,0.0,N/A,N/A,N/A,No Fatigue,No
2024-12-06 12:50:52,N/A,0.0,N/A,N/A,N/A,No Fatigue,No
2024-12-06 12:50:53,N/A,0.0,N/A,N/A,N/A,No Fatigue,No
2024-12-06 12:50:53,0.23,0.38,87.71,16.67,1,No Fatigue,No
2024-12-06 12:50:53,0.24,0.36,90.76,16.67,1,No Fatigue,No
2024-12-06 12:50:53,0.28,0.4,91.53,13.33,1,No Fatigue,No
2024-12-06 12:50:53,0.24,0.41,90.74,13.33,1,No Fatigue,No
2024-12-06 12:50:54,0.22,0.41,92.26,16.67,1,No Fatigue,No
2024-12-06 12:50:54,0.18,0.39,95.33,20.0,1,No Fatigue,No
2024-12-06 12:50:54,0.17,0.3,90.8,23.33,1,No Fatigue,No
2024-12-06 12:50:54,0.23,0.22,97.73,26.67,1,No Fatigue,No
2024-12-06 12:50:54,0.29,0.36,94.14,26.67,1,No Fatigue,No
2024-12-06 12:50:55,0.2,0.34,94.97,30.0,1,No Fatigue,No
2024-12-06 12:50:55,0.22,0.37,96.25,33.33,1,No Fatigue,No
2024-12-06 12:50:55,0.17,0.36,97.8,36.67,1,No Fatigue,No
2024-12-06 12:50:55,0.24,0.36,96.75,36.67,1,No Fatigue,Yes
2024-12-06 12:50:55,N/A,0.0,N/A,N/A,N/A,No Fatigue,No
2024-12-06 12:50:55,N/A,0.0,N/A,N/A,N/A,No Fatigue,No
2024-12-06 12:50:56,N/A,0.0,N/A,N/A,N/A,No Fatigue,No
2024-12-06 12:50:56,N/A,0.0,N/A,N/A,N/A,No Fatigue,No
2024-12-06 12:50:56,N/A,0.0,N/A,N/A,N/A,No Fatigue,No
2024-12-06 12:50:56,N/A,0.0,N/A,N/A,N/A,No Fatigue,No
2024-12-06 12:50:56,N/A,0.0,N/A,N/A,N/A,No Fatigue,No
2024-12-06 12:50:56,N/A,0.0,N/A,N/A,N/A,No Fatigue,No
2024-12-06 12:50:57,N/A,0.0,N/A,N/A,N/A,No Fatigue,No
2024-12-06 12:50:57,N/A,0.0,N/A,N/A,N/A,No Fatigue,No
2024-12-06 12:50:57,N/A,0.0,N/A,N/A,N/A,No Fatigue,No
2024-12-06 12:50:57,N/A,0.0,N/A,N/A,N/A,No Fatigue,No
2024-12-06 12:50:57,N/A,0.0,N/A,N/A,N/A,No Fatigue,No
2024-12-06 12:50:58,0.21,0.49,92.94,40.0,2,No Fatigue,No
2024-12-06 12:50:58,0.24,0.46,100.24,40.0,2,No Fatigue,No
2024-12-06 12:50:58,0.23,0.43,96.95,43.33,2,No Fatigue,No
2024-12-06 12:50:58,0.24,0.52,95.57,43.33,3,Yawning Detected,No
2024-12-06 12:50:58,0.23,0.56,93.45,46.67,3,Yawning Detected,No
2024-12-06 12:50:58,0.22,0.58,92.69,50.0,3,Yawning Detected,No
2024-12-06 12:50:59,0.22,0.57,94.71,50.0,4,Yawning Detected,No
2024-12-06 12:50:59,0.23,0.49,98.5,53.33,4,No Fatigue,No
2024-12-06 12:50:59,0.13,0.45,101.31,56.67,4,No Fatigue,No
2024-12-06 12:50:59,0.14,0.41,100.44,60.0,4,No Fatigue,No
2024-12-06 12:50:59,0.21,0.38,99.09,63.33,4,No Fatigue,No
2024-12-06 12:50:59,0.16,0.38,96.25,66.67,4,No Fatigue,No
2024-12-06 12:51:00,0.15,0.44,97.59,70.0,4,No Fatigue,No
2024-12-06 12:51:00,0.2,0.39,98.34,70.0,4,No Fatigue,No
2024-12-06 12:51:00,0.2,0.37,97.7,70.0,4,No Fatigue,No
2024-12-06 12:51:00,0.18,0.32,96.52,73.33,4,No Fatigue,No
2024-12-06 12:51:00,0.24,0.35,97.43,70.0,4,No Fatigue,No
2024-12-06 12:51:00,0.27,0.34,95.4,70.0,4,No Fatigue,No
2024-12-06 12:51:01,0.27,0.35,92.29,70.0,4,No Fatigue,No
2024-12-06 12:51:01,0.26,0.35,92.45,70.0,4,No Fatigue,No
2024-12-06 12:51:01,0.27,0.25,92.45,70.0,4,No Fatigue,No
2024-12-06 12:51:01,0.22,0.36,89.17,70.0,4,No Fatigue,No
2024-12-06 12:51:01,0.28,0.36,86.73,66.67,4,No Fatigue,No
2024-12-06 12:51:01,0.29,0.33,81.98,63.33,4,No Fatigue,No
2024-12-06 12:51:02,0.29,0.29,83.57,60.0,4,No Fatigue,No
2024-12-06 12:51:02,0.25,0.33,81.5,60.0,4,No Fatigue,No
2024-12-06 12:51:02,0.19,0.26,89.14,60.0,4,No Fatigue,No
2024-12-06 12:51:02,0.27,0.29,90.83,56.67,4,No Fatigue,No
2024-12-06 12:51:02,0.27,0.27,93.32,53.33,4,No Fatigue,No
2024-12-06 12:51:03,0.26,0.28,92.45,53.33,4,No Fatigue,No
2024-12-06 12:51:03,0.24,0.28,94.9,50.0,4,No Fatigue,No
2024-12-06 12:51:03,0.13,0.33,94.09,53.33,4,No Fatigue,No
2024-12-06 12:51:03,0.17,0.35,94.03,53.33,4,No Fatigue,No
2024-12-06 12:51:03,0.21,0.36,93.22,56.67,4,No Fatigue,No
2024-12-06 12:51:03,0.21,0.25,93.27,56.67,4,No Fatigue,No
2024-12-06 12:51:04,0.18,0.31,92.42,56.67,4,No Fatigue,No
2024-12-06 12:51:04,0.18,0.38,92.32,56.67,4,No Fatigue,No
2024-12-06 12:51:04,0.18,0.39,95.19,56.67,4,No Fatigue,No
2024-12-06 12:51:04,0.16,0.38,95.4,56.67,4,No Fatigue,No
2024-12-06 12:51:04,0.23,0.36,94.7,53.33,4,No Fatigue,No
2024-12-06 12:51:05,0.23,0.36,94.7,53.33,4,No Fatigue,No
2024-12-06 12:51:05,0.22,0.38,93.97,53.33,4,No Fatigue,No
2024-12-06 12:51:05,0.2,0.32,93.18,53.33,4,No Fatigue,No
2024-12-06 12:51:05,0.18,0.29,94.03,53.33,4,No Fatigue,No
2024-12-06 12:51:05,0.19,0.3,90.0,53.33,4,No Fatigue,No
2024-12-06 12:51:05,0.21,0.25,92.45,53.33,4,No Fatigue,No
2024-12-06 12:51:06,0.2,0.23,94.09,56.67,4,No Fatigue,No
2024-12-06 12:51:06,0.24,0.25,94.09,56.67,4,No Fatigue,No
2024-12-06 12:51:06,0.26,0.34,95.4,56.67,4,No Fatigue,No
2024-12-06 12:51:06,0.2,0.27,98.24,60.0,4,No Fatigue,No
2024-12-06 12:51:06,0.19,0.32,104.56,63.33,4,No Fatigue,No
2024-12-06 12:51:06,0.22,0.25,101.74,63.33,4,No Fatigue,No
2024-12-06 12:51:07,0.21,0.37,102.04,66.67,4,No Fatigue,No
2024-12-06 12:51:07,0.21,0.38,95.93,70.0,4,No Fatigue,No
2024-12-06 12:51:07,0.24,0.35,90.76,70.0,4,No Fatigue,No
2024-12-06 12:51:07,0.21,0.32,89.2,73.33,4,No Fatigue,No
2024-12-06 12:51:07,0.2,0.28,88.39,73.33,4,No Fatigue,No
2024-12-06 12:51:07,0.19,0.28,86.82,76.67,4,No Fatigue,No
2024-12-06 12:51:08,0.18,0.28,86.78,80.0,4,No Fatigue,No
2024-12-06 12:51:08,0.2,0.29,86.78,83.33,4,No Fatigue,No
2024-12-06 12:51:08,0.19,0.29,88.41,86.67,4,No Fatigue,No
2024-12-06 12:51:08,0.2,0.24,87.58,86.67,4,No Fatigue,No
2024-12-06 12:51:08,0.11,0.31,89.2,86.67,4,No Fatigue,No
2024-12-06 12:51:08,0.16,0.29,89.2,86.67,4,No Fatigue,No
2024-12-06 12:51:09,0.22,0.29,88.39,86.67,4,No Fatigue,No
2024-12-06 12:51:09,0.23,0.28,88.41,86.67,4,No Fatigue,No
2024-12-06 12:51:09,0.23,0.27,88.41,83.33,4,No Fatigue,No
2024-12-06 12:51:09,0.24,0.24,88.39,80.0,4,No Fatigue,No
2024-12-06 12:51:09,0.18,0.18,86.78,80.0,4,No Fatigue,No
2024-12-06 12:51:10,0.28,0.16,86.78,80.0,4,No Fatigue,No
2024-12-06 12:51:10,0.28,0.17,88.39,76.67,4,No Fatigue,No
2024-12-06 12:51:10,0.29,0.17,88.41,73.33,4,No Fatigue,No
2024-12-06 12:51:10,0.31,0.17,87.61,70.0,4,No Fatigue,No
2024-12-06 12:51:10,0.27,0.17,86.78,66.67,4,No Fatigue,No
2024-12-06 12:51:10,0.27,0.25,87.65,63.33,4,No Fatigue,No
2024-12-06 12:51:11,0.13,0.27,89.22,63.33,4,No Fatigue,No
2024-12-06 12:51:11,0.19,0.31,93.81,63.33,4,No Fatigue,No
2024-12-06 12:51:11,0.2,0.28,95.33,66.67,4,No Fatigue,No
2024-12-06 12:51:11,0.17,0.25,94.7,70.0,4,No Fatigue,No
2024-12-06 12:51:11,0.2,0.26,95.4,70.0,4,No Fatigue,No
2024-12-06 12:51:11,0.18,0.26,94.57,70.0,4,No Fatigue,No
2024-12-06 12:51:12,0.18,0.24,96.17,70.0,4,No Fatigue,No
2024-12-06 12:51:12,0.19,0.26,95.26,70.0,4,No Fatigue,No
2024-12-06 12:51:12,0.21,0.26,97.4,70.0,4,No Fatigue,No
2024-12-06 12:51:12,0.21,0.37,97.04,73.33,4,No Fatigue,No
2024-12-06 12:51:12,0.15,0.4,93.22,73.33,4,No Fatigue,No
2024-12-06 12:51:13,0.17,0.28,94.76,73.33,4,No Fatigue,No
2024-12-06 12:51:13,0.17,0.3,94.7,73.33,4,No Fatigue,No
2024-12-06 12:51:13,0.18,0.28,94.76,73.33,4,No Fatigue,No
2024-12-06 12:51:13,0.16,0.27,95.63,73.33,4,No Fatigue,No
2024-12-06 12:51:13,0.17,0.38,94.76,73.33,4,No Fatigue,No
2024-12-06 12:51:13,0.17,0.26,96.52,73.33,4,No Fatigue,No
2024-12-06 12:51:14,0.21,0.28,95.79,73.33,4,No Fatigue,No
2024-12-06 12:51:14,0.23,0.39,98.34,73.33,4,No Fatigue,No
2024-12-06 12:51:14,0.2,0.43,98.46,73.33,4,No Fatigue,No
2024-12-06 12:51:14,0.21,0.39,94.76,73.33,4,No Fatigue,No
2024-12-06 12:51:14,0.21,0.38,93.97,76.67,4,No Fatigue,No
2024-12-06 12:51:14,0.14,0.43,93.87,80.0,4,No Fatigue,No
2024-12-06 12:51:15,0.16,0.41,93.14,80.0,4,No Fatigue,No
2024-12-06 12:51:15,0.17,0.42,95.4,83.33,4,No Fatigue,No
2024-12-06 12:51:15,0.27,0.36,96.17,83.33,4,No Fatigue,No
2024-12-06 12:51:15,0.25,0.4,95.86,83.33,4,No Fatigue,No
2024-12-06 12:51:15,0.23,0.29,96.93,83.33,4,No Fatigue,No
2024-12-06 12:51:15,0.2,0.42,96.01,86.67,4,No Fatigue,No
2024-12-06 12:51:16,0.16,0.4,93.33,90.0,4,No Fatigue,No
2024-12-06 12:51:16,0.22,0.56,94.13,90.0,5,Yawning Detected,No
2024-12-06 12:51:16,0.27,0.52,94.71,86.67,5,Yawning Detected,No
2024-12-06 12:51:16,0.26,0.49,94.5,83.33,5,No Fatigue,No
2024-12-06 12:51:16,0.27,0.51,93.22,80.0,6,Yawning Detected,No
2024-12-06 12:51:16,0.28,0.54,96.97,76.67,6,Yawning Detected,No
2024-12-06 12:51:17,0.27,0.52,97.29,73.33,6,Yawning Detected,No
2024-12-06 12:51:17,0.24,0.5,98.7,70.0,7,Yawning Detected,No
2024-12-06 12:51:17,0.23,0.45,98.23,70.0,7,No Fatigue,No
2024-12-06 12:51:17,0.19,0.42,98.97,70.0,7,No Fatigue,No
2024-12-06 12:51:17,0.22,0.39,97.8,70.0,7,No Fatigue,No
2024-12-06 12:51:18,0.17,0.39,97.7,70.0,7,No Fatigue,No
2024-12-06 12:51:18,0.19,0.39,97.8,70.0,7,No Fatigue,No
2024-12-06 12:51:18,0.21,0.38,94.83,70.0,7,No Fatigue,No
2024-12-06 12:51:18,0.22,0.35,97.91,70.0,7,No Fatigue,No
2024-12-06 12:51:18,0.11,0.36,98.02,70.0,7,No Fatigue,No
2024-12-06 12:51:18,0.17,0.25,96.25,70.0,7,No Fatigue,No
2024-12-06 12:51:19,0.2,0.32,95.33,70.0,7,No Fatigue,No
2024-12-06 12:51:19,0.11,0.32,95.55,70.0,7,No Fatigue,No
2024-12-06 12:51:19,0.23,0.4,97.7,70.0,7,No Fatigue,No
2024-12-06 12:51:19,N/A,0.0,N/A,N/A,N/A,No Fatigue,No
2024-12-06 12:51:19,N/A,0.0,N/A,N/A,N/A,No Fatigue,No
2024-12-06 12:51:20,N/A,0.0,N/A,N/A,N/A,No Fatigue,No
2024-12-06 12:51:20,N/A,0.0,N/A,N/A,N/A,No Fatigue,No
2024-12-06 12:51:20,N/A,0.0,N/A,N/A,N/A,No Fatigue,No
2024-12-06 12:51:20,N/A,0.0,N/A,N/A,N/A,No Fatigue,No
2024-12-06 12:51:21,0.26,0.4,100.05,66.67,7,No Fatigue,Yes
2024-12-06 12:51:21,0.27,0.4,99.71,63.33,7,No Fatigue,Yes
2024-12-06 12:51:21,0.26,0.33,100.1,60.0,7,No Fatigue,No
2024-12-06 12:51:21,0.24,0.31,98.69,56.67,7,No Fatigue,No
2024-12-06 12:51:21,0.23,0.31,95.44,53.33,7,No Fatigue,Yes
2024-12-06 12:51:21,0.26,0.31,94.13,50.0,7,No Fatigue,Yes
2024-12-06 12:51:22,0.29,0.31,96.19,50.0,8,No Fatigue,Yes
2024-12-06 12:51:22,N/A,0.0,N/A,N/A,N/A,No Fatigue,No
2024-12-06 12:51:22,0.19,0.31,96.12,53.33,8,No Fatigue,Yes
2024-12-06 12:51:22,0.25,0.31,96.12,53.33,8,No Fatigue,Yes
2024-12-06 12:51:22,0.19,0.31,91.45,53.33,8,No Fatigue,Yes
2024-12-06 12:51:23,0.25,0.33,89.19,50.0,8,No Fatigue,No
2024-12-06 12:51:23,0.26,0.33,92.45,46.67,8,No Fatigue,No
2024-12-06 12:51:23,0.26,0.27,90.0,46.67,8,No Fatigue,No
2024-12-06 12:51:23,0.19,0.26,92.39,50.0,8,No Fatigue,No
2024-12-06 12:51:23,0.25,0.29,92.35,50.0,8,No Fatigue,No
2024-12-06 12:51:23,0.15,0.35,93.92,53.33,8,No Fatigue,No
2024-12-06 12:51:24,0.2,0.33,93.92,56.67,8,No Fatigue,No
2024-12-06 12:51:24,0.23,0.26,93.97,60.0,8,No Fatigue,No
2024-12-06 12:51:24,0.22,0.36,91.59,60.0,8,No Fatigue,No
2024-12-06 12:51:24,0.23,0.31,92.42,60.0,8,No Fatigue,No
2024-12-06 12:51:24,0.23,0.36,93.09,60.0,8,No Fatigue,No
2024-12-06 12:51:25,0.17,0.4,93.09,60.0,8,No Fatigue,No
2024-12-06 12:51:25,0.18,0.42,103.28,60.0,8,No Fatigue,No
2024-12-06 12:51:25,0.14,0.42,100.23,60.0,8,No Fatigue,No
2024-12-06 12:51:25,0.23,0.37,91.64,60.0,8,No Fatigue,No
2024-12-06 12:51:25,0.24,0.36,94.76,56.67,8,No Fatigue,No
2024-12-06 12:51:26,0.24,0.4,93.87,53.33,8,No Fatigue,No
2024-12-06 12:51:26,0.13,0.4,93.92,53.33,8,No Fatigue,No
2024-12-06 12:51:26,0.2,0.43,94.4,53.33,8,No Fatigue,No
2024-12-06 12:51:26,0.17,0.52,97.04,53.33,9,Yawning Detected,No
2024-12-06 12:51:26,0.21,0.48,96.19,56.67,9,No Fatigue,No
2024-12-06 12:51:27,0.25,0.52,93.72,56.67,9,Yawning Detected,No
2024-12-06 12:51:27,0.26,0.53,94.46,56.67,10,Yawning Detected,No
2024-12-06 12:51:27,0.28,0.54,94.51,56.67,10,Yawning Detected,No
2024-12-06 12:51:27,0.25,0.58,95.13,56.67,10,Yawning Detected,No
2024-12-06 12:51:27,0.21,0.55,97.51,60.0,10,Yawning Detected,No
2024-12-06 12:51:27,0.33,0.45,89.14,60.0,10,No Fatigue,No
2024-12-06 12:51:28,0.22,0.44,103.89,60.0,10,No Fatigue,No
2024-12-06 12:51:28,0.26,0.51,107.97,60.0,10,Yawning Detected,No
2024-12-06 12:51:28,0.28,0.52,97.65,56.67,10,Yawning Detected,No
2024-12-06 12:51:28,0.28,0.59,109.54,56.67,10,Yawning Detected,No
2024-12-06 12:51:28,N/A,0.0,N/A,N/A,N/A,No Fatigue,No
2024-12-06 12:51:28,N/A,0.0,N/A,N/A,N/A,No Fatigue,No
2024-12-06 12:51:29,0.22,0.57,94.94,60.0,10,Yawning Detected,No
2024-12-06 12:51:29,0.15,0.62,90.57,63.33,10,Yawning Detected,No
2024-12-06 12:51:29,0.18,0.59,91.79,63.33,10,Yawning Detected,No
2024-12-06 12:51:29,0.13,0.59,92.46,66.67,10,Yawning Detected,No
2024-12-06 12:51:29,0.12,0.51,92.63,66.67,10,Yawning Detected,No
2024-12-06 12:51:29,0.16,0.44,89.24,66.67,10,No Fatigue,No
2024-12-06 12:51:30,0.13,0.44,90.7,66.67,10,No Fatigue,No
2024-12-06 12:51:30,0.18,0.4,92.9,66.67,10,No Fatigue,No
2024-12-06 12:51:30,0.15,0.39,92.17,66.67,10,No Fatigue,No
2024-12-06 12:51:30,0.16,0.4,91.43,66.67,10,No Fatigue,No
2024-12-06 12:51:30,0.14,0.36,92.94,66.67,10,No Fatigue,No
2024-12-06 12:51:31,0.11,0.38,92.97,66.67,10,No Fatigue,No
2024-12-06 12:51:31,0.16,0.37,93.72,66.67,10,No Fatigue,No
2024-12-06 12:51:31,0.15,0.31,91.51,66.67,10,No Fatigue,No
2024-12-06 12:51:31,0.17,0.38,91.53,70.0,10,No Fatigue,No
2024-12-06 12:51:31,0.16,0.38,92.23,73.33,10,No Fatigue,No
2024-12-06 12:51:32,0.12,0.41,92.97,73.33,10,No Fatigue,No
2024-12-06 12:51:32,0.16,0.53,92.1,73.33,10,Fatigue Detected While Yawning,No
2024-12-06 12:51:32,0.2,0.67,91.36,73.33,10,Fatigue Detected While Yawning,No
2024-12-06 12:51:32,0.24,0.58,94.65,70.0,10,Yawning Detected,No
2024-12-06 12:51:32,0.25,0.49,92.0,70.0,10,No Fatigue,No
2024-12-06 12:51:32,0.25,0.53,92.57,70.0,10,Yawning Detected,No
2024-12-06 12:51:33,0.21,0.54,93.81,73.33,10,Fatigue Detected While Yawning,No
2024-12-06 12:51:33,0.23,0.46,94.82,76.67,10,Fatigue Detected,No
2024-12-06 12:51:33,0.18,0.4,93.72,76.67,10,No Fatigue,No
2024-12-06 12:51:33,0.17,0.37,93.87,80.0,10,No Fatigue,No
2024-12-06 12:51:33,0.16,0.38,93.05,80.0,10,No Fatigue,No
2024-12-06 12:51:33,0.25,0.47,94.94,80.0,10,No Fatigue,No
2024-12-06 12:51:34,0.24,0.49,94.65,80.0,10,No Fatigue,No
2024-12-06 12:51:34,0.24,0.54,97.68,80.0,10,Yawning Detected,No
2024-12-06 12:51:34,0.24,0.58,97.43,76.67,10,Yawning Detected,No
2024-12-06 12:51:34,0.27,0.56,97.43,73.33,10,Yawning Detected,No
2024-12-06 12:51:34,0.24,0.54,96.97,70.0,10,Yawning Detected,No
2024-12-06 12:51:34,0.26,0.49,95.97,66.67,10,No Fatigue,No
2024-12-06 12:51:35,0.24,0.44,97.64,63.33,10,No Fatigue,No
2024-12-06 12:51:35,0.23,0.33,95.26,63.33,10,No Fatigue,No
2024-12-06 12:51:35,0.16,0.3,95.4,63.33,10,No Fatigue,No
2024-12-06 12:51:35,0.2,0.34,94.7,63.33,10,No Fatigue,No
2024-12-06 12:51:35,0.23,0.33,93.97,60.0,10,No Fatigue,No
2024-12-06 12:51:35,0.24,0.3,93.18,56.67,10,No Fatigue,No
2024-12-06 12:51:36,0.23,0.31,93.14,56.67,10,No Fatigue,No
2024-12-06 12:51:36,0.14,0.37,95.4,56.67,10,No Fatigue,No
2024-12-06 12:51:36,0.15,0.28,95.26,56.67,10,No Fatigue,No
2024-12-06 12:51:36,0.16,0.28,93.76,56.67,10,No Fatigue,No
2024-12-06 12:51:36,0.2,0.34,91.87,56.67,10,No Fatigue,No
2024-12-06 12:51:36,0.2,0.36,93.29,56.67,10,No Fatigue,No
2024-12-06 12:51:37,0.19,0.38,88.49,56.67,10,No Fatigue,No
2024-12-06 12:51:37,0.17,0.36,90.0,56.67,10,No Fatigue,No
2024-12-06 12:51:37,0.2,0.37,90.76,56.67,10,No Fatigue,No
2024-12-06 12:51:37,0.18,0.41,91.49,60.0,10,No Fatigue,No
2024-12-06 12:51:37,0.2,0.4,92.2,63.33,10,No Fatigue,No
2024-12-06 12:51:38,0.23,0.35,93.09,66.67,10,No Fatigue,No
2024-12-06 12:51:38,0.26,0.34,91.53,63.33,10,No Fatigue,No
2024-12-06 12:51:38,0.25,0.33,92.15,60.0,10,No Fatigue,No
2024-12-06 12:51:38,0.28,0.37,95.33,56.67,10,No Fatigue,No
2024-12-06 12:51:38,0.18,0.35,92.42,56.67,10,No Fatigue,No
2024-12-06 12:51:38,0.24,0.37,93.05,53.33,10,No Fatigue,No
2024-12-06 12:51:39,0.25,0.26,93.81,53.33,10,No Fatigue,No
2024-12-06 12:51:39,0.24,0.36,95.71,53.33,10,No Fatigue,No
2024-12-06 12:51:39,0.14,0.58,91.09,56.67,10,Yawning Detected,No
2024-12-06 12:51:39,0.29,0.33,94.64,56.67,10,No Fatigue,No
2024-12-06 12:51:39,0.25,0.27,94.88,56.67,10,No Fatigue,No
2024-12-06 12:51:39,0.25,0.4,95.64,56.67,10,No Fatigue,No
2024-12-06 12:51:40,0.26,0.39,94.24,56.67,10,No Fatigue,No
2024-12-06 12:51:40,0.27,0.4,95.26,56.67,10,No Fatigue,No
2024-12-06 12:51:40,0.24,0.37,93.09,53.33,10,No Fatigue,No
2024-12-06 12:51:40,0.15,0.35,91.57,53.33,10,No Fatigue,No
2024-12-06 12:51:40,0.15,0.26,91.61,53.33,10,No Fatigue,No
2024-12-06 12:51:40,0.13,0.37,95.93,56.67,10,No Fatigue,No
2024-12-06 12:51:41,0.25,0.42,94.29,56.67,10,No Fatigue,No
2024-12-06 12:51:41,0.29,0.59,96.27,53.33,10,Yawning Detected,No
2024-12-06 12:51:41,0.25,0.6,96.27,50.0,10,Yawning Detected,No
2024-12-06 12:51:41,0.26,0.56,95.25,46.67,10,Yawning Detected,No
2024-12-06 12:51:42,0.23,0.54,97.59,43.33,10,Yawning Detected,No
2024-12-06 12:51:42,0.23,0.57,98.13,40.0,10,Yawning Detected,No
2024-12-06 12:51:42,0.23,0.54,97.77,36.67,10,Yawning Detected,No
2024-12-06 12:51:42,0.26,0.61,96.2,33.33,10,Yawning Detected,No
2024-12-06 12:51:42,0.28,0.63,96.01,30.0,10,Yawning Detected,No
2024-12-06 12:51:42,0.26,0.67,94.09,26.67,10,Yawning Detected,No
2024-12-06 12:51:43,0.27,0.68,93.69,23.33,10,Yawning Detected,No
2024-12-06 12:51:43,0.29,0.7,91.81,20.0,10,Yawning Detected,No
2024-12-06 12:51:43,0.26,0.72,90.57,16.67,10,Yawning Detected,No
2024-12-06 12:51:43,0.3,0.73,92.7,16.67,10,Yawning Detected,No
2024-12-06 12:51:43,0.28,0.63,93.08,16.67,10,Yawning Detected,No
2024-12-06 12:51:44,0.24,0.42,94.65,16.67,10,No Fatigue,No
2024-12-06 12:51:44,0.23,0.38,94.13,13.33,10,No Fatigue,No
2024-12-06 12:51:44,0.24,0.43,94.09,13.33,10,No Fatigue,No
2024-12-06 12:51:44,0.15,0.39,92.73,16.67,10,No Fatigue,No
2024-12-06 12:51:44,0.21,0.38,92.07,20.0,10,No Fatigue,No
2024-12-06 12:51:44,0.24,0.59,92.46,16.67,10,Yawning Detected,No
2024-12-06 12:51:45,0.3,0.62,94.3,16.67,10,Yawning Detected,No
2024-12-06 12:51:45,0.29,0.63,93.5,16.67,10,Yawning Detected,No
2024-12-06 12:51:45,0.21,0.67,87.94,20.0,10,Yawning Detected,No
2024-12-06 12:51:45,0.23,0.58,93.14,20.0,10,Yawning Detected,No
2024-12-06 12:51:45,0.25,0.63,94.62,20.0,10,Yawning Detected,No
2024-12-06 12:51:46,0.24,0.67,95.14,20.0,10,Yawning Detected,No
2024-12-06 12:51:46,0.14,0.61,95.53,20.0,10,Yawning Detected,No
2024-12-06 12:51:46,0.18,0.71,92.68,20.0,10,Yawning Detected,No
2024-12-06 12:51:46,0.18,0.73,92.65,20.0,10,Yawning Detected,No
2024-12-06 12:51:46,0.15,0.73,92.1,23.33,10,Yawning Detected,No
2024-12-06 12:51:46,0.19,0.6,96.54,26.67,10,Yawning Detected,No
2024-12-06 12:51:47,0.2,0.63,96.14,30.0,10,Yawning Detected,No
2024-12-06 12:51:47,0.19,0.59,95.41,33.33,10,Yawning Detected,No
2024-12-06 12:51:47,0.15,0.62,94.97,36.67,10,Yawning Detected,No
2024-12-06 12:51:47,0.16,0.63,94.3,40.0,10,Yawning Detected,No
2024-12-06 12:51:47,0.16,0.59,95.02,43.33,10,Yawning Detected,No
2024-12-06 12:51:48,0.18,0.73,89.47,46.67,10,Yawning Detected,No
2024-12-06 12:51:48,0.19,0.25,95.38,50.0,10,No Fatigue,No
2024-12-06 12:51:48,0.17,0.36,93.58,53.33,10,No Fatigue,No
2024-12-06 12:51:48,0.16,0.44,93.47,56.67,10,No Fatigue,No
2024-12-06 12:51:49,0.18,0.68,92.75,60.0,10,Yawning Detected,No
2024-12-06 12:51:49,0.2,0.7,92.18,63.33,10,Yawning Detected,No
2024-12-06 12:51:49,0.18,0.73,91.62,66.67,10,Yawning Detected,No
2024-12-06 12:51:49,0.26,0.36,97.29,66.67,10,No Fatigue,No
2024-12-06 12:51:49,0.18,0.55,92.89,70.0,10,Yawning Detected,No
2024-12-06 12:51:49,0.26,0.67,95.95,70.0,10,Yawning Detected,No
2024-12-06 12:51:50,0.26,0.66,96.4,70.0,10,Yawning Detected,No
2024-12-06 12:51:50,0.22,0.74,91.06,70.0,10,Yawning Detected,No
2024-12-06 12:51:50,0.2,0.7,90.53,70.0,10,Yawning Detected,No
2024-12-06 12:51:50,0.21,0.6,96.6,73.33,10,Fatigue Detected While Yawning,No
2024-12-06 12:51:50,0.17,0.37,96.87,76.67,10,No Fatigue,No
2024-12-06 12:51:50,0.23,0.24,94.51,76.67,10,No Fatigue,No
2024-12-06 12:51:51,0.26,0.23,94.7,73.33,10,No Fatigue,No
2024-12-06 12:51:51,0.27,0.23,95.55,73.33,10,No Fatigue,No
2024-12-06 12:51:51,0.26,0.24,93.92,73.33,10,No Fatigue,No
2024-12-06 12:51:51,0.13,0.37,95.93,76.67,10,No Fatigue,No
2024-12-06 12:51:51,0.18,0.4,93.62,76.67,10,No Fatigue,No
2024-12-06 12:51:51,0.21,0.37,93.62,76.67,10,No Fatigue,No
2024-12-06 12:51:52,0.21,0.35,92.94,76.67,10,No Fatigue,No
2024-12-06 12:51:52,0.25,0.34,94.29,73.33,10,No Fatigue,No
2024-12-06 12:51:52,0.18,0.37,94.51,73.33,10,No Fatigue,No
2024-12-06 12:51:52,0.27,0.34,95.26,70.0,10,No Fatigue,No
2024-12-06 12:51:52,0.14,0.26,95.13,70.0,10,No Fatigue,No
2024-12-06 12:51:53,0.23,0.41,94.13,66.67,10,No Fatigue,No
2024-12-06 12:51:53,0.26,0.58,94.35,63.33,10,Yawning Detected,No
2024-12-06 12:51:53,0.22,0.65,93.69,63.33,10,Yawning Detected,No
2024-12-06 12:51:53,0.27,0.7,94.21,60.0,10,Yawning Detected,No
2024-12-06 12:51:53,0.27,0.67,94.62,56.67,10,Yawning Detected,No
2024-12-06 12:51:54,0.28,0.71,94.57,53.33,10,Yawning Detected,No
2024-12-06 12:51:54,0.31,0.66,95.83,50.0,10,Yawning Detected,No
2024-12-06 12:51:54,0.32,0.65,95.25,46.67,10,Yawning Detected,No
2024-12-06 12:51:54,0.18,0.46,94.13,46.67,10,No Fatigue,No
2024-12-06 12:51:54,0.2,0.56,94.97,46.67,10,Yawning Detected,No
2024-12-06 12:51:54,0.28,0.62,94.81,46.67,10,Yawning Detected,No
2024-12-06 12:51:55,0.24,0.72,91.07,43.33,10,Yawning Detected,No
2024-12-06 12:51:55,0.23,0.67,93.67,43.33,10,Yawning Detected,No
2024-12-06 12:51:55,0.28,0.46,88.55,43.33,10,No Fatigue,No
2024-12-06 12:51:55,0.26,0.69,96.4,40.0,10,Yawning Detected,No
2024-12-06 12:51:55,0.2,0.7,95.25,40.0,10,Yawning Detected,No
2024-12-06 12:51:56,0.21,0.68,95.19,40.0,10,Yawning Detected,No
2024-12-06 12:51:56,0.22,0.7,94.76,40.0,10,Yawning Detected,No
2024-12-06 12:51:56,0.24,0.62,90.0,40.0,10,Yawning Detected,No
2024-12-06 12:51:56,0.19,0.57,94.21,43.33,10,Yawning Detected,No
2024-12-06 12:51:56,0.18,0.59,91.91,46.67,10,Yawning Detected,No
2024-12-06 12:51:56,0.19,0.63,86.07,50.0,10,Yawning Detected,No
2024-12-06 12:51:57,0.2,0.63,85.68,50.0,10,Yawning Detected,No
2024-12-06 12:51:57,0.19,0.63,93.5,50.0,10,Yawning Detected,No
2024-12-06 12:51:57,0.21,0.64,93.08,50.0,10,Yawning Detected,No
2024-12-06 12:51:57,0.22,0.45,94.3,50.0,10,No Fatigue,No
2024-12-06 12:51:57,0.23,0.34,95.44,53.33,10,No Fatigue,No
2024-12-06 12:51:57,0.24,0.35,95.51,50.0,10,No Fatigue,No
2024-12-06 12:51:58,0.26,0.42,95.14,50.0,10,No Fatigue,No
2024-12-06 12:51:58,0.25,0.5,93.49,46.67,10,No Fatigue,No
2024-12-06 12:51:58,0.25,0.44,91.43,46.67,10,No Fatigue,No
2024-12-06 12:51:58,0.25,0.32,94.09,46.67,10,No Fatigue,No
2024-12-06 12:51:58,0.24,0.36,92.83,43.33,10,No Fatigue,No
2024-12-06 12:51:59,0.24,0.34,94.29,43.33,10,No Fatigue,No
2024-12-06 12:51:59,0.26,0.33,95.0,43.33,10,No Fatigue,No
2024-12-06 12:51:59,0.27,0.58,94.65,43.33,10,Yawning Detected,No
2024-12-06 12:51:59,0.31,0.48,92.07,43.33,10,No Fatigue,No
2024-12-06 12:51:59,0.28,0.46,91.43,43.33,10,No Fatigue,No
2024-12-06 12:52:00,0.27,0.29,94.34,40.0,10,No Fatigue,No
2024-12-06 12:52:00,0.24,0.47,95.97,36.67,10,No Fatigue,No
2024-12-06 12:52:00,0.26,0.52,96.97,36.67,10,Yawning Detected,No
2024-12-06 12:52:00,0.22,0.36,96.34,40.0,10,No Fatigue,No
2024-12-06 12:52:00,0.2,0.34,90.73,43.33,10,No Fatigue,No
2024-12-06 12:52:00,0.22,0.32,91.45,46.67,10,No Fatigue,No
2024-12-06 12:52:01,0.24,0.38,91.45,46.67,10,No Fatigue,No
2024-12-06 12:52:01,0.3,0.45,93.67,43.33,10,No Fatigue,No
2024-12-06 12:52:01,0.32,0.46,91.47,40.0,10,No Fatigue,No
2024-12-06 12:52:01,0.32,0.46,92.83,36.67,10,No Fatigue,No
2024-12-06 12:52:01,0.2,0.58,95.08,40.0,10,Yawning Detected,No
2024-12-06 12:52:02,0.27,0.72,92.98,36.67,10,Yawning Detected,No
2024-12-06 12:52:02,0.29,0.48,85.79,33.33,10,No Fatigue,No
2024-12-06 12:52:02,0.22,0.73,92.41,33.33,10,Yawning Detected,No
2024-12-06 12:52:02,0.25,0.81,89.47,30.0,10,Yawning Detected,No
2024-12-06 12:52:02,0.16,0.34,93.33,30.0,10,No Fatigue,No
2024-12-06 12:52:02,0.24,0.31,94.34,26.67,10,No Fatigue,No
2024-12-06 12:52:03,0.17,0.24,95.86,26.67,10,No Fatigue,No
2024-12-06 12:52:03,0.22,0.31,95.71,26.67,10,No Fatigue,No
2024-12-06 12:52:03,0.13,0.56,96.97,30.0,10,Yawning Detected,No
2024-12-06 12:52:03,0.19,0.63,95.65,33.33,10,Yawning Detected,No
2024-12-06 12:52:03,0.19,0.59,95.19,36.67,10,Yawning Detected,No
2024-12-06 12:52:03,0.17,0.36,89.37,40.0,10,No Fatigue,No
2024-12-06 12:52:04,0.24,0.33,96.71,40.0,10,No Fatigue,No
2024-12-06 12:52:04,0.21,0.3,90.0,43.33,10,No Fatigue,No
2024-12-06 12:52:04,N/A,0.0,N/A,N/A,N/A,No Fatigue,No
2024-12-06 12:52:04,N/A,0.0,N/A,N/A,N/A,No Fatigue,No
2024-12-06 12:52:04,N/A,0.0,N/A,N/A,N/A,No Fatigue,No
2024-12-06 12:52:04,N/A,0.0,N/A,N/A,N/A,No Fatigue,No
2024-12-06 12:52:05,N/A,0.0,N/A,N/A,N/A,No Fatigue,No
2024-12-06 12:52:05,N/A,0.0,N/A,N/A,N/A,No Fatigue,No
2024-12-06 12:52:05,N/A,0.0,N/A,N/A,N/A,No Fatigue,No
2024-12-06 12:52:05,N/A,0.0,N/A,N/A,N/A,No Fatigue,No
2024-12-06 12:52:06,N/A,0.0,N/A,N/A,N/A,No Fatigue,No
2024-12-06 12:52:06,N/A,0.0,N/A,N/A,N/A,No Fatigue,No
2024-12-06 12:52:06,N/A,0.0,N/A,N/A,N/A,No Fatigue,No
2024-12-06 12:52:06,N/A,0.0,N/A,N/A,N/A,No Fatigue,No
2024-12-06 12:52:06,N/A,0.0,N/A,N/A,N/A,No Fatigue,No
2024-12-06 12:52:07,N/A,0.0,N/A,N/A,N/A,No Fatigue,No
2024-12-06 12:52:07,0.24,0.34,86.78,43.33,10,No Fatigue,No
2024-12-06 12:52:07,0.2,0.41,82.87,46.67,10,No Fatigue,No
2024-12-06 12:52:07,0.22,0.53,85.36,50.0,10,Yawning Detected,No
2024-12-06 12:52:07,0.27,0.55,88.47,50.0,10,Yawning Detected,No
2024-12-06 12:52:08,0.21,0.64,90.0,53.33,10,Yawning Detected,No
2024-12-06 12:52:08,0.27,0.53,90.75,53.33,10,Yawning Detected,No
2024-12-06 12:52:08,0.29,0.57,90.0,53.33,10,Yawning Detected,No
2024-12-06 12:52:08,0.21,0.58,91.27,56.67,10,Yawning Detected,No
2024-12-06 12:52:08,0.13,0.29,91.45,56.67,10,No Fatigue,No
2024-12-06 12:52:08,0.24,0.24,91.61,53.33,10,No Fatigue,No
2024-12-06 12:52:09,0.25,0.26,96.17,50.0,10,No Fatigue,No
2024-12-06 12:52:09,0.16,0.23,94.7,53.33,10,No Fatigue,No
2024-12-06 12:52:09,0.24,0.22,93.92,53.33,10,No Fatigue,No
2024-12-06 12:52:09,0.28,0.24,94.7,53.33,10,No Fatigue,No
2024-12-06 12:52:09,0.25,0.24,95.48,53.33,10,No Fatigue,No
2024-12-06 12:52:10,0.24,0.42,95.0,50.0,10,No Fatigue,No
2024-12-06 12:52:10,0.27,0.53,90.0,50.0,10,Yawning Detected,No
2024-12-06 12:52:10,0.25,0.54,89.24,50.0,10,Yawning Detected,No
2024-12-06 12:52:10,0.2,0.57,93.95,50.0,10,Yawning Detected,No
2024-12-06 12:52:10,0.15,0.49,93.95,53.33,10,No Fatigue,No
2024-12-06 12:52:10,0.14,0.49,92.0,53.33,10,No Fatigue,No
2024-12-06 12:52:11,N/A,0.0,N/A,N/A,N/A,No Fatigue,No
2024-12-06 12:52:11,N/A,0.0,N/A,N/A,N/A,No Fatigue,No
2024-12-06 12:52:11,N/A,0.0,N/A,N/A,N/A,No Fatigue,No
2024-12-06 12:52:11,N/A,0.0,N/A,N/A,N/A,No Fatigue,No
2024-12-06 12:52:11,N/A,0.0,N/A,N/A,N/A,No Fatigue,No
2024-12-06 12:52:11,N/A,0.0,N/A,N/A,N/A,No Fatigue,No
2024-12-06 12:52:12,N/A,0.0,N/A,N/A,N/A,No Fatigue,No
2024-12-06 12:52:12,N/A,0.0,N/A,N/A,N/A,No Fatigue,No
2024-12-06 12:52:12,N/A,0.0,N/A,N/A,N/A,No Fatigue,No
2024-12-06 12:52:12,0.14,0.44,91.74,56.67,10,No Fatigue,No
2024-12-06 12:52:12,0.14,0.38,93.14,56.67,10,No Fatigue,No
2024-12-06 12:52:12,N/A,0.0,N/A,N/A,N/A,No Fatigue,No
2024-12-06 12:52:13,N/A,0.0,N/A,N/A,N/A,No Fatigue,No
2024-12-06 12:52:13,N/A,0.0,N/A,N/A,N/A,No Fatigue,No
2024-12-06 12:52:13,N/A,0.0,N/A,N/A,N/A,No Fatigue,No
2024-12-06 12:52:13,N/A,0.0,N/A,N/A,N/A,No Fatigue,No
2024-12-06 12:52:13,0.22,0.32,73.74,56.67,10,No Fatigue,No
2024-12-06 12:52:14,0.23,0.34,70.6,53.33,10,No Fatigue,No
2024-12-06 12:52:14,0.2,0.33,70.6,53.33,10,No Fatigue,No
2024-12-06 12:52:14,0.18,0.33,70.35,53.33,10,No Fatigue,No
2024-12-06 12:52:14,0.18,0.4,71.57,53.33,10,No Fatigue,No
2024-12-06 12:52:14,0.21,0.46,72.2,56.67,10,No Fatigue,No
2024-12-06 12:52:14,0.18,0.59,73.43,56.67,10,Yawning Detected,No
2024-12-06 12:52:15,0.17,0.6,72.99,60.0,10,Yawning Detected,No
2024-12-06 12:52:15,0.2,0.58,74.05,60.0,10,Yawning Detected,No
2024-12-06 12:52:15,0.21,0.61,74.8,60.0,10,Yawning Detected,No
2024-12-06 12:52:15,0.26,0.59,75.47,60.0,10,Yawning Detected,No
2024-12-06 12:52:15,0.27,0.65,75.8,56.67,10,Yawning Detected,No
2024-12-06 12:52:15,0.18,0.65,72.14,60.0,10,Yawning Detected,No
2024-12-06 12:52:16,0.26,0.63,74.33,60.0,10,Yawning Detected,No
2024-12-06 12:52:16,0.31,0.65,76.45,56.67,10,Yawning Detected,No
2024-12-06 12:52:16,0.32,0.7,78.69,53.33,10,Yawning Detected,No
2024-12-06 12:52:16,N/A,0.0,N/A,N/A,N/A,No Fatigue,No
2024-12-06 12:52:16,0.33,0.71,76.91,53.33,10,Yawning Detected,No
2024-12-06 12:52:17,N/A,0.0,N/A,N/A,N/A,No Fatigue,No
2024-12-06 12:52:17,0.13,0.64,73.47,56.67,10,Yawning Detected,No
2024-12-06 12:52:17,N/A,0.0,N/A,N/A,N/A,No Fatigue,No
2024-12-06 12:52:17,N/A,0.0,N/A,N/A,N/A,No Fatigue,No
2024-12-06 12:52:17,N/A,0.0,N/A,N/A,N/A,No Fatigue,No
2024-12-06 12:52:17,N/A,0.0,N/A,N/A,N/A,No Fatigue,No
2024-12-06 12:52:18,0.23,0.56,87.8,53.33,10,Yawning Detected,No
2024-12-06 12:52:18,0.21,0.66,86.59,56.67,10,Yawning Detected,No
2024-12-06 12:52:18,N/A,0.0,N/A,N/A,N/A,No Fatigue,No
2024-12-06 12:52:18,0.23,0.56,90.0,60.0,10,Yawning Detected,No
2024-12-06 12:52:18,0.21,0.61,94.94,63.33,10,Yawning Detected,No
2024-12-06 12:52:18,0.22,0.47,90.86,66.67,10,No Fatigue,No
2024-12-06 12:52:19,0.16,0.58,97.94,70.0,10,Yawning Detected,No
2024-12-06 12:52:19,0.17,0.61,96.56,73.33,10,Fatigue Detected While Yawning,No
2024-12-06 12:52:19,0.17,0.57,96.56,73.33,10,Fatigue Detected While Yawning,No
2024-12-06 12:52:19,0.17,0.58,96.48,73.33,10,Fatigue Detected While Yawning,No
2024-12-06 12:52:19,0.14,0.57,92.69,73.33,10,Fatigue Detected While Yawning,No
2024-12-06 12:52:20,0.16,0.57,93.25,73.33,10,Fatigue Detected While Yawning,Yes
2024-12-06 12:52:20,0.17,0.57,94.09,73.33,10,Fatigue Detected While Yawning,Yes
2024-12-06 12:52:20,0.19,0.33,95.55,73.33,10,No Fatigue,No
2024-12-06 12:52:20,0.18,0.32,95.88,76.67,10,No Fatigue,No
2024-12-06 12:52:20,0.22,0.3,95.88,76.67,10,No Fatigue,No
2024-12-06 12:52:21,0.22,0.36,95.63,76.67,10,No Fatigue,No
2024-12-06 12:52:21,0.23,0.33,96.61,76.67,10,No Fatigue,No
2024-12-06 12:52:21,0.19,0.33,96.05,76.67,10,No Fatigue,No
2024-12-06 12:52:21,0.26,0.31,96.81,73.33,10,No Fatigue,No
2024-12-06 12:52:21,0.27,0.31,96.91,70.0,10,No Fatigue,No
2024-12-06 12:52:21,0.27,0.29,96.91,66.67,10,No Fatigue,No
2024-12-06 12:52:22,0.26,0.31,96.81,63.33,10,No Fatigue,No
2024-12-06 12:52:22,0.24,0.3,96.05,63.33,10,No Fatigue,No
2024-12-06 12:52:22,0.17,0.29,96.05,66.67,10,No Fatigue,No
2024-12-06 12:52:22,0.21,0.32,95.19,66.67,10,No Fatigue,No
2024-12-06 12:52:22,0.24,0.32,95.19,66.67,10,No Fatigue,No
2024-12-06 12:52:22,0.24,0.31,95.19,66.67,10,No Fatigue,No
2024-12-06 12:52:23,0.23,0.3,96.05,66.67,10,No Fatigue,No
2024-12-06 12:52:23,0.16,0.29,96.81,70.0,10,No Fatigue,No
2024-12-06 12:52:23,0.2,0.29,97.77,70.0,10,No Fatigue,No
2024-12-06 12:52:23,0.25,0.27,98.62,70.0,10,No Fatigue,No
2024-12-06 12:52:23,0.24,0.22,97.13,66.67,10,No Fatigue,No
2024-12-06 12:52:24,0.22,0.23,98.88,66.67,10,No Fatigue,No
2024-12-06 12:52:24,0.22,0.25,96.44,66.67,10,No Fatigue,No
2024-12-06 12:52:24,0.22,0.25,98.26,66.67,10,No Fatigue,No
2024-12-06 12:52:24,0.24,0.26,97.24,63.33,10,No Fatigue,No
2024-12-06 12:52:24,0.22,0.23,99.02,63.33,10,No Fatigue,No
2024-12-06 12:52:25,0.23,0.24,97.35,60.0,10,No Fatigue,No
2024-12-06 12:52:25,0.24,0.23,99.16,56.67,10,No Fatigue,No
2024-12-06 12:52:25,0.24,0.25,100.78,53.33,10,No Fatigue,No
2024-12-06 12:52:25,N/A,0.0,N/A,N/A,N/A,No Fatigue,No
2024-12-06 12:52:25,N/A,0.0,N/A,N/A,N/A,No Fatigue,No
2024-12-06 12:52:25,N/A,0.0,N/A,N/A,N/A,No Fatigue,No
2024-12-06 12:52:26,N/A,0.0,N/A,N/A,N/A,No Fatigue,No
2024-12-06 12:52:26,0.25,0.2,99.9,50.0,10,No Fatigue,No
2024-12-06 12:52:26,0.26,0.22,92.68,46.67,10,No Fatigue,No
2024-12-06 12:52:26,0.27,0.24,89.09,43.33,10,No Fatigue,No
2024-12-06 12:52:26,0.19,0.27,86.31,43.33,10,No Fatigue,No
2024-12-06 12:52:26,0.27,0.27,84.64,40.0,10,No Fatigue,No
2024-12-06 12:52:27,N/A,0.0,N/A,N/A,N/A,No Fatigue,No
2024-12-06 12:52:27,N/A,0.0,N/A,N/A,N/A,No Fatigue,No
2024-12-06 12:52:27,N/A,0.0,N/A,N/A,N/A,No Fatigue,No
2024-12-06 12:52:27,N/A,0.0,N/A,N/A,N/A,No Fatigue,No
2024-12-06 12:52:27,N/A,0.0,N/A,N/A,N/A,No Fatigue,No
2024-12-06 12:52:28,N/A,0.0,N/A,N/A,N/A,No Fatigue,No
2024-12-06 12:52:28,N/A,0.0,N/A,N/A,N/A,No Fatigue,No
2024-12-06 12:52:28,N/A,0.0,N/A,N/A,N/A,No Fatigue,No
2024-12-06 12:52:28,N/A,0.0,N/A,N/A,N/A,No Fatigue,No
2024-12-06 12:52:28,N/A,0.0,N/A,N/A,N/A,No Fatigue,No
2024-12-06 12:52:29,N/A,0.0,N/A,N/A,N/A,No Fatigue,No
2024-12-06 12:52:29,N/A,0.0,N/A,N/A,N/A,No Fatigue,No
2024-12-06 12:52:29,0.23,0.29,90.0,40.0,10,No Fatigue,No
2024-12-06 12:52:29,0.24,0.28,90.0,36.67,10,No Fatigue,No
2024-12-06 12:52:29,0.15,0.38,89.28,36.67,10,No Fatigue,No
2024-12-06 12:52:30,0.17,0.33,91.51,40.0,10,No Fatigue,No
2024-12-06 12:52:30,0.08,0.35,93.14,43.33,10,No Fatigue,No
2024-12-06 12:52:30,0.14,0.28,92.49,46.67,10,No Fatigue,No
2024-12-06 12:52:30,0.15,0.31,90.78,50.0,10,No Fatigue,No
2024-12-06 12:52:30,0.18,0.27,94.03,53.33,10,No Fatigue,No
2024-12-06 12:52:31,0.16,0.21,96.71,53.33,10,No Fatigue,No
2024-12-06 12:52:31,0.33,0.2,106.53,50.0,10,No Fatigue,No
2024-12-06 12:52:31,0.23,0.19,105.52,50.0,10,No Fatigue,No
2024-12-06 12:52:31,0.22,0.2,108.19,53.33,10,No Fatigue,No
2024-12-06 12:52:31,0.17,0.19,99.61,56.67,10,No Fatigue,No
2024-12-06 12:52:32,N/A,0.0,N/A,N/A,N/A,No Fatigue,No
2024-12-06 12:52:32,0.22,0.23,81.87,56.67,10,No Fatigue,No
2024-12-06 12:52:32,N/A,0.0,N/A,N/A,N/A,No Fatigue,No
2024-12-06 12:52:32,N/A,0.0,N/A,N/A,N/A,No Fatigue,No
2024-12-06 12:52:32,N/A,0.0,N/A,N/A,N/A,No Fatigue,No
2024-12-06 12:52:33,0.25,0.23,91.66,53.33,10,No Fatigue,No
2024-12-06 12:52:33,0.19,0.2,90.0,56.67,10,No Fatigue,No
2024-12-06 12:52:33,N/A,0.0,N/A,N/A,N/A,No Fatigue,No
2024-12-06 12:52:33,0.16,0.36,89.19,60.0,10,No Fatigue,No
2024-12-06 12:52:33,0.15,0.2,90.78,60.0,10,No Fatigue,No
2024-12-06 12:52:34,0.22,0.17,90.81,60.0,10,No Fatigue,No
2024-12-06 12:52:34,0.27,0.18,90.83,56.67,10,No Fatigue,No
2024-12-06 12:52:34,0.21,0.14,88.26,60.0,10,No Fatigue,No
2024-12-06 12:52:34,0.17,0.16,87.44,60.0,10,No Fatigue,No
2024-12-06 12:52:34,0.2,0.16,89.13,63.33,10,No Fatigue,No
2024-12-06 12:52:35,0.18,0.18,88.29,66.67,10,No Fatigue,No
2024-12-06 12:52:35,0.2,0.18,87.44,70.0,10,No Fatigue,No
2024-12-06 12:52:35,0.21,0.21,91.66,73.33,10,No Fatigue,No
2024-12-06 12:52:35,0.2,0.2,87.44,76.67,10,No Fatigue,No
2024-12-06 12:52:35,0.19,0.22,85.6,80.0,10,No Fatigue,No
2024-12-06 12:52:36,0.2,0.2,85.6,80.0,10,No Fatigue,No
2024-12-06 12:52:36,0.2,0.23,86.58,83.33,10,No Fatigue,No
2024-12-06 12:52:36,0.12,0.27,88.32,83.33,10,No Fatigue,No
2024-12-06 12:52:36,0.22,0.25,91.66,86.67,10,No Fatigue,No
2024-12-06 12:52:36,0.23,0.26,89.14,86.67,10,No Fatigue,No
2024-12-06 12:52:39,0.14,0.25,90.0,86.67,10,No Fatigue,No
2024-12-06 12:52:39,0.24,0.24,90.86,83.33,10,No Fatigue,No
2024-12-06 12:52:39,0.23,0.25,91.68,83.33,10,No Fatigue,No
2024-12-06 12:52:39,0.24,0.25,91.68,80.0,10,No Fatigue,No
2024-12-06 12:52:40,0.24,0.28,91.66,76.67,10,No Fatigue,No
2024-12-06 12:52:40,0.13,0.27,93.27,76.67,10,No Fatigue,No
2024-12-06 12:52:40,0.27,0.36,93.14,76.67,10,No Fatigue,No
2024-12-06 12:52:40,0.31,0.26,89.2,76.67,10,No Fatigue,No
2024-12-06 12:52:40,0.29,0.37,89.24,73.33,10,No Fatigue,No
2024-12-06 12:52:41,0.2,0.37,90.0,73.33,10,No Fatigue,No
2024-12-06 12:52:41,0.15,0.35,91.55,73.33,10,No Fatigue,No
2024-12-06 12:52:41,0.26,0.26,91.59,73.33,10,No Fatigue,No
2024-12-06 12:52:41,0.23,0.29,90.76,73.33,10,No Fatigue,No
2024-12-06 12:52:41,0.22,0.4,92.35,73.33,10,No Fatigue,No
2024-12-06 12:52:42,0.21,0.36,93.97,73.33,10,No Fatigue,No
2024-12-06 12:52:42,0.19,0.33,97.33,73.33,10,No Fatigue,No
2024-12-06 12:52:42,0.17,0.32,102.09,76.67,10,No Fatigue,No
2024-12-06 12:52:42,0.14,0.29,98.46,76.67,10,No Fatigue,No
2024-12-06 12:52:42,0.15,0.28,97.33,76.67,10,No Fatigue,No
2024-12-06 12:52:43,N/A,0.0,N/A,N/A,N/A,No Fatigue,No
2024-12-06 12:52:43,N/A,0.0,N/A,N/A,N/A,No Fatigue,No
2024-12-06 12:52:43,N/A,0.0,N/A,N/A,N/A,No Fatigue,No
2024-12-06 12:52:43,N/A,0.0,N/A,N/A,N/A,No Fatigue,No
2024-12-06 12:52:43,N/A,0.0,N/A,N/A,N/A,No Fatigue,No
2024-12-06 12:52:43,0.18,0.37,97.7,76.67,10,No Fatigue,No
